"typeSeason","slugSeason","idGame","dateGame","slugMatchup","slugTeamWinner","slugTeamLoser","numberGameDay"
"Regular Season","2012-13",21200001,2012-10-30,"WAS @ CLE","CLE","WAS",1
"Regular Season","2012-13",21200002,2012-10-30,"BOS @ MIA","MIA","BOS",2
"Regular Season","2012-13",21200003,2012-10-30,"LAL vs. DAL","DAL","LAL",3
"Regular Season","2012-13",21200004,2012-10-31,"TOR vs. IND","IND","TOR",1
"Regular Season","2012-13",21200005,2012-10-31,"PHI vs. DEN","PHI","DEN",2
"Regular Season","2012-13",21200006,2012-10-31,"DET vs. HOU","HOU","DET",3
"Regular Season","2012-13",21200007,2012-10-31,"CHI vs. SAC","CHI","SAC",4
"Regular Season","2012-13",21200008,2012-10-31,"NOH vs. SAS","SAS","NOH",5
"Regular Season","2012-13",21200009,2012-10-31,"UTA vs. DAL","UTA","DAL",6
"Regular Season","2012-13",21200010,2012-10-31,"PHX vs. GSW","GSW","PHX",7
"Regular Season","2012-13",21200011,2012-10-31,"LAC vs. MEM","LAC","MEM",8
"Regular Season","2012-13",21200012,2012-10-31,"POR vs. LAL","POR","LAL",9
"Regular Season","2012-13",21200014,2012-11-01,"OKC @ SAS","SAS","OKC",1
"Regular Season","2012-13",21200015,2012-11-02,"CHA vs. IND","CHA","IND",1
"Regular Season","2012-13",21200016,2012-11-02,"ORL vs. DEN","ORL","DEN",2
"Regular Season","2012-13",21200017,2012-11-02,"BOS vs. MIL","MIL","BOS",3
"Regular Season","2012-13",21200018,2012-11-02,"ATL vs. HOU","HOU","ATL",4
"Regular Season","2012-13",21200019,2012-11-02,"CHI @ CLE","CHI","CLE",5
"Regular Season","2012-13",21200020,2012-11-02,"MIA @ NYK","NYK","MIA",6
"Regular Season","2012-13",21200021,2012-11-02,"NOH vs. UTA","NOH","UTA",7
"Regular Season","2012-13",21200022,2012-11-02,"OKC vs. POR","OKC","POR",8
"Regular Season","2012-13",21200023,2012-11-02,"SAC @ MIN","MIN","SAC",9
"Regular Season","2012-13",21200024,2012-11-02,"DET @ PHX","PHX","DET",10
"Regular Season","2012-13",21200025,2012-11-02,"LAC @ LAL","LAC","LAL",11
"Regular Season","2012-13",21200026,2012-11-02,"GSW vs. MEM","MEM","GSW",12
"Regular Season","2012-13",21200027,2012-11-03,"WAS vs. BOS","BOS","WAS",1
"Regular Season","2012-13",21200028,2012-11-03,"SAC @ IND","IND","SAC",2
"Regular Season","2012-13",21200029,2012-11-03,"BKN vs. TOR","BKN","TOR",3
"Regular Season","2012-13",21200030,2012-11-03,"DEN @ MIA","MIA","DEN",4
"Regular Season","2012-13",21200031,2012-11-03,"CHI vs. NOH","NOH","CHI",5
"Regular Season","2012-13",21200032,2012-11-03,"POR @ HOU","POR","HOU",6
"Regular Season","2012-13",21200033,2012-11-03,"CLE @ MIL","MIL","CLE",7
"Regular Season","2012-13",21200034,2012-11-03,"CHA @ DAL","DAL","CHA",8
"Regular Season","2012-13",21200035,2012-11-03,"SAS vs. UTA","SAS","UTA",9
"Regular Season","2012-13",21200036,2012-11-03,"LAC vs. GSW","GSW","LAC",10
"Regular Season","2012-13",21200037,2012-11-04,"PHI @ NYK","NYK","PHI",1
"Regular Season","2012-13",21200038,2012-11-04,"MIN @ TOR","TOR","MIN",2
"Regular Season","2012-13",21200039,2012-11-04,"ORL vs. PHX","ORL","PHX",3
"Regular Season","2012-13",21200040,2012-11-04,"ATL @ OKC","ATL","OKC",4
"Regular Season","2012-13",21200041,2012-11-04,"LAL vs. DET","LAL","DET",5
"Regular Season","2012-13",21200042,2012-11-05,"NYK @ PHI","NYK","PHI",1
"Regular Season","2012-13",21200043,2012-11-05,"MIN @ BKN","MIN","BKN",2
"Regular Season","2012-13",21200044,2012-11-05,"MIA vs. PHX","MIA","PHX",3
"Regular Season","2012-13",21200045,2012-11-05,"MEM vs. UTA","MEM","UTA",4
"Regular Season","2012-13",21200046,2012-11-05,"POR @ DAL","DAL","POR",5
"Regular Season","2012-13",21200047,2012-11-05,"SAS vs. IND","SAS","IND",6
"Regular Season","2012-13",21200048,2012-11-05,"GSW @ SAC","SAC","GSW",7
"Regular Season","2012-13",21200049,2012-11-05,"LAC vs. CLE","CLE","LAC",8
"Regular Season","2012-13",21200050,2012-11-06,"CHI vs. ORL","CHI","ORL",1
"Regular Season","2012-13",21200051,2012-11-06,"OKC vs. TOR","OKC","TOR",2
"Regular Season","2012-13",21200052,2012-11-06,"DET @ DEN","DEN","DET",3
"Regular Season","2012-13",21200053,2012-11-07,"CHA vs. PHX","PHX","CHA",1
"Regular Season","2012-13",21200054,2012-11-07,"WAS @ BOS","BOS","WAS",2
"Regular Season","2012-13",21200055,2012-11-07,"IND @ ATL","ATL","IND",3
"Regular Season","2012-13",21200056,2012-11-07,"MIA vs. BKN","MIA","BKN",4
"Regular Season","2012-13",21200057,2012-11-07,"MIL vs. MEM","MEM","MIL",5
"Regular Season","2012-13",21200058,2012-11-07,"PHI @ NOH","PHI","NOH",6
"Regular Season","2012-13",21200059,2012-11-07,"DEN @ HOU","DEN","HOU",7
"Regular Season","2012-13",21200060,2012-11-07,"MIN vs. ORL","MIN","ORL",8
"Regular Season","2012-13",21200061,2012-11-07,"DAL vs. TOR","DAL","TOR",9
"Regular Season","2012-13",21200062,2012-11-07,"LAL @ UTA","UTA","LAL",10
"Regular Season","2012-13",21200063,2012-11-07,"SAC vs. DET","SAC","DET",11
"Regular Season","2012-13",21200064,2012-11-07,"SAS @ LAC","LAC","SAS",12
"Regular Season","2012-13",21200065,2012-11-07,"CLE @ GSW","GSW","CLE",13
"Regular Season","2012-13",21200066,2012-11-08,"CHI vs. OKC","OKC","CHI",1
"Regular Season","2012-13",21200067,2012-11-08,"POR vs. LAC","LAC","POR",2
"Regular Season","2012-13",21200068,2012-11-09,"MIL @ WAS","MIL","WAS",1
"Regular Season","2012-13",21200069,2012-11-09,"BKN @ ORL","BKN","ORL",2
"Regular Season","2012-13",21200070,2012-11-09,"BOS vs. PHI","PHI","BOS",3
"Regular Season","2012-13",21200071,2012-11-09,"NYK vs. DAL","NYK","DAL",4
"Regular Season","2012-13",21200072,2012-11-09,"ATL vs. MIA","MIA","ATL",5
"Regular Season","2012-13",21200073,2012-11-09,"MEM vs. HOU","MEM","HOU",6
"Regular Season","2012-13",21200074,2012-11-09,"NOH vs. CHA","NOH","CHA",7
"Regular Season","2012-13",21200075,2012-11-09,"DET @ OKC","OKC","DET",8
"Regular Season","2012-13",21200076,2012-11-09,"IND @ MIN","MIN","IND",9
"Regular Season","2012-13",21200077,2012-11-09,"CLE @ PHX","PHX","CLE",10
"Regular Season","2012-13",21200078,2012-11-09,"SAS @ SAC","SAS","SAC",11
"Regular Season","2012-13",21200079,2012-11-09,"UTA @ DEN","DEN","UTA",12
"Regular Season","2012-13",21200080,2012-11-09,"LAL vs. GSW","LAL","GSW",13
"Regular Season","2012-13",21200081,2012-11-10,"PHI @ TOR","PHI","TOR",1
"Regular Season","2012-13",21200082,2012-11-10,"WAS @ IND","IND","WAS",2
"Regular Season","2012-13",21200083,2012-11-10,"DAL @ CHA","CHA","DAL",3
"Regular Season","2012-13",21200084,2012-11-10,"CHI vs. MIN","CHI","MIN",4
"Regular Season","2012-13",21200085,2012-11-10,"HOU vs. DET","HOU","DET",5
"Regular Season","2012-13",21200086,2012-11-10,"BOS @ MIL","BOS","MIL",6
"Regular Season","2012-13",21200087,2012-11-10,"PHX @ UTA","UTA","PHX",7
"Regular Season","2012-13",21200088,2012-11-10,"POR vs. SAS","SAS","POR",8
"Regular Season","2012-13",21200089,2012-11-10,"DEN @ GSW","DEN","GSW",9
"Regular Season","2012-13",21200090,2012-11-11,"BKN vs. ORL","BKN","ORL",1
"Regular Season","2012-13",21200091,2012-11-11,"LAC vs. ATL","LAC","ATL",2
"Regular Season","2012-13",21200092,2012-11-11,"MEM vs. MIA","MEM","MIA",3
"Regular Season","2012-13",21200093,2012-11-11,"OKC vs. CLE","OKC","CLE",4
"Regular Season","2012-13",21200094,2012-11-11,"LAL vs. SAC","LAL","SAC",5
"Regular Season","2012-13",21200095,2012-11-12,"TOR vs. UTA","UTA","TOR",1
"Regular Season","2012-13",21200096,2012-11-12,"PHI vs. MIL","MIL","PHI",2
"Regular Season","2012-13",21200097,2012-11-12,"OKC @ DET","OKC","DET",3
"Regular Season","2012-13",21200098,2012-11-12,"CHI vs. BOS","BOS","CHI",4
"Regular Season","2012-13",21200099,2012-11-12,"MIA @ HOU","MIA","HOU",5
"Regular Season","2012-13",21200100,2012-11-12,"DAL vs. MIN","MIN","DAL",6
"Regular Season","2012-13",21200101,2012-11-12,"DEN @ PHX","PHX","DEN",7
"Regular Season","2012-13",21200102,2012-11-12,"ATL @ POR","ATL","POR",8
"Regular Season","2012-13",21200103,2012-11-13,"CHA vs. WAS","CHA","WAS",1
"Regular Season","2012-13",21200104,2012-11-13,"NYK @ ORL","NYK","ORL",2
"Regular Season","2012-13",21200105,2012-11-13,"TOR @ IND","TOR","IND",3
"Regular Season","2012-13",21200106,2012-11-13,"CLE @ BKN","BKN","CLE",4
"Regular Season","2012-13",21200107,2012-11-13,"POR @ SAC","POR","SAC",5
"Regular Season","2012-13",21200108,2012-11-13,"LAL vs. SAS","SAS","LAL",6
"Regular Season","2012-13",21200109,2012-11-14,"DET @ PHI","DET","PHI",1
"Regular Season","2012-13",21200110,2012-11-14,"UTA @ BOS","BOS","UTA",2
"Regular Season","2012-13",21200111,2012-11-14,"MIL vs. IND","MIL","IND",3
"Regular Season","2012-13",21200112,2012-11-14,"NOH @ HOU","HOU","NOH",4
"Regular Season","2012-13",21200113,2012-11-14,"OKC vs. MEM","MEM","OKC",5
"Regular Season","2012-13",21200114,2012-11-14,"MIN vs. CHA","CHA","MIN",6
"Regular Season","2012-13",21200115,2012-11-14,"WAS @ DAL","DAL","WAS",7
"Regular Season","2012-13",21200116,2012-11-14,"CHI @ PHX","CHI","PHX",8
"Regular Season","2012-13",21200117,2012-11-14,"MIA @ LAC","LAC","MIA",9
"Regular Season","2012-13",21200118,2012-11-14,"ATL @ GSW","GSW","ATL",10
"Regular Season","2012-13",21200119,2012-11-15,"BOS @ BKN","BKN","BOS",1
"Regular Season","2012-13",21200120,2012-11-15,"SAS vs. NYK","NYK","SAS",2
"Regular Season","2012-13",21200121,2012-11-15,"DEN vs. MIA","MIA","DEN",3
"Regular Season","2012-13",21200122,2012-11-16,"UTA @ PHI","PHI","UTA",1
"Regular Season","2012-13",21200123,2012-11-16,"ORL @ DET","ORL","DET",2
"Regular Season","2012-13",21200124,2012-11-16,"DAL @ IND","IND","DAL",3
"Regular Season","2012-13",21200125,2012-11-16,"OKC @ NOH","OKC","NOH",4
"Regular Season","2012-13",21200126,2012-11-16,"GSW @ MIN","GSW","MIN",5
"Regular Season","2012-13",21200127,2012-11-16,"MEM vs. NYK","MEM","NYK",6
"Regular Season","2012-13",21200128,2012-11-16,"SAC vs. ATL","ATL","SAC",7
"Regular Season","2012-13",21200129,2012-11-16,"HOU @ POR","POR","HOU",8
"Regular Season","2012-13",21200130,2012-11-16,"LAL vs. PHX","LAL","PHX",9
"Regular Season","2012-13",21200131,2012-11-17,"TOR @ BOS","BOS","TOR",1
"Regular Season","2012-13",21200132,2012-11-17,"LAC vs. CHI","LAC","CHI",2
"Regular Season","2012-13",21200133,2012-11-17,"UTA @ WAS","UTA","WAS",3
"Regular Season","2012-13",21200134,2012-11-17,"MEM @ CHA","MEM","CHA",4
"Regular Season","2012-13",21200135,2012-11-17,"DAL @ CLE","DAL","CLE",5
"Regular Season","2012-13",21200136,2012-11-17,"MIL vs. NOH","MIL","NOH",6
"Regular Season","2012-13",21200137,2012-11-17,"SAS vs. DEN","SAS","DEN",7
"Regular Season","2012-13",21200138,2012-11-17,"MIA @ PHX","MIA","PHX",8
"Regular Season","2012-13",21200139,2012-11-18,"NYK vs. IND","NYK","IND",1
"Regular Season","2012-13",21200140,2012-11-18,"ORL @ TOR","TOR","ORL",2
"Regular Season","2012-13",21200141,2012-11-18,"PHI vs. CLE","PHI","CLE",3
"Regular Season","2012-13",21200142,2012-11-18,"SAC vs. BKN","BKN","SAC",4
"Regular Season","2012-13",21200143,2012-11-18,"GSW @ OKC","OKC","GSW",5
"Regular Season","2012-13",21200144,2012-11-18,"BOS @ DET","DET","BOS",6
"Regular Season","2012-13",21200145,2012-11-18,"CHI @ POR","POR","CHI",7
"Regular Season","2012-13",21200146,2012-11-18,"HOU @ LAL","LAL","HOU",8
"Regular Season","2012-13",21200147,2012-11-19,"WAS vs. IND","IND","WAS",1
"Regular Season","2012-13",21200148,2012-11-19,"CHA vs. MIL","CHA","MIL",2
"Regular Season","2012-13",21200149,2012-11-19,"ATL vs. ORL","ATL","ORL",3
"Regular Season","2012-13",21200150,2012-11-19,"MEM vs. DEN","DEN","MEM",4
"Regular Season","2012-13",21200151,2012-11-19,"DAL vs. GSW","GSW","DAL",5
"Regular Season","2012-13",21200152,2012-11-19,"LAC @ SAS","LAC","SAS",6
"Regular Season","2012-13",21200153,2012-11-19,"HOU @ UTA","UTA","HOU",7
"Regular Season","2012-13",21200154,2012-11-20,"TOR @ PHI","PHI","TOR",1
"Regular Season","2012-13",21200155,2012-11-20,"NYK @ NOH","NYK","NOH",2
"Regular Season","2012-13",21200156,2012-11-20,"BKN @ LAL","LAL","BKN",3
"Regular Season","2012-13",21200157,2012-11-21,"CHA vs. TOR","CHA","TOR",1
"Regular Season","2012-13",21200158,2012-11-21,"ORL vs. DET","ORL","DET",2
"Regular Season","2012-13",21200159,2012-11-21,"CLE vs. PHI","CLE","PHI",3
"Regular Season","2012-13",21200160,2012-11-21,"NOH @ IND","IND","NOH",4
"Regular Season","2012-13",21200161,2012-11-21,"BOS vs. SAS","SAS","BOS",5
"Regular Season","2012-13",21200162,2012-11-21,"ATL vs. WAS","ATL","WAS",6
"Regular Season","2012-13",21200163,2012-11-21,"MIA vs. MIL","MIA","MIL",7
"Regular Season","2012-13",21200164,2012-11-21,"LAC @ OKC","OKC","LAC",8
"Regular Season","2012-13",21200165,2012-11-21,"HOU vs. CHI","HOU","CHI",9
"Regular Season","2012-13",21200166,2012-11-21,"MIN vs. DEN","DEN","MIN",10
"Regular Season","2012-13",21200167,2012-11-21,"DAL vs. NYK","DAL","NYK",11
"Regular Season","2012-13",21200168,2012-11-21,"POR @ PHX","PHX","POR",12
"Regular Season","2012-13",21200169,2012-11-21,"LAL @ SAC","SAC","LAL",13
"Regular Season","2012-13",21200170,2012-11-21,"BKN @ GSW","GSW","BKN",14
"Regular Season","2012-13",21200171,2012-11-23,"CHA vs. ATL","ATL","CHA",1
"Regular Season","2012-13",21200172,2012-11-23,"ORL vs. CLE","ORL","CLE",2
"Regular Season","2012-13",21200173,2012-11-23,"OKC @ BOS","BOS","OKC",3
"Regular Season","2012-13",21200174,2012-11-23,"BKN vs. LAC","BKN","LAC",4
"Regular Season","2012-13",21200175,2012-11-23,"TOR @ DET","DET","TOR",5
"Regular Season","2012-13",21200176,2012-11-23,"SAS @ IND","SAS","IND",6
"Regular Season","2012-13",21200177,2012-11-23,"LAL @ MEM","MEM","LAL",7
"Regular Season","2012-13",21200178,2012-11-23,"NYK @ HOU","HOU","NYK",8
"Regular Season","2012-13",21200179,2012-11-23,"GSW @ DEN","DEN","GSW",9
"Regular Season","2012-13",21200180,2012-11-23,"UTA vs. SAC","UTA","SAC",10
"Regular Season","2012-13",21200181,2012-11-23,"NOH @ PHX","PHX","NOH",11
"Regular Season","2012-13",21200182,2012-11-23,"MIN @ POR","POR","MIN",12
"Regular Season","2012-13",21200183,2012-11-24,"PHI vs. OKC","OKC","PHI",1
"Regular Season","2012-13",21200184,2012-11-24,"CHA @ WAS","CHA","WAS",2
"Regular Season","2012-13",21200185,2012-11-24,"LAC @ ATL","ATL","LAC",3
"Regular Season","2012-13",21200186,2012-11-24,"CLE @ MIA","MIA","CLE",4
"Regular Season","2012-13",21200187,2012-11-24,"DAL vs. LAL","LAL","DAL",5
"Regular Season","2012-13",21200188,2012-11-24,"MIL vs. CHI","CHI","MIL",6
"Regular Season","2012-13",21200189,2012-11-24,"SAC vs. UTA","SAC","UTA",7
"Regular Season","2012-13",21200190,2012-11-24,"MIN @ GSW","GSW","MIN",8
"Regular Season","2012-13",21200191,2012-11-25,"SAS @ TOR","SAS","TOR",1
"Regular Season","2012-13",21200192,2012-11-25,"DET @ NYK","NYK","DET",2
"Regular Season","2012-13",21200193,2012-11-25,"POR @ BKN","BKN","POR",3
"Regular Season","2012-13",21200194,2012-11-25,"PHX @ PHI","PHI","PHX",4
"Regular Season","2012-13",21200195,2012-11-25,"ORL vs. BOS","BOS","ORL",5
"Regular Season","2012-13",21200196,2012-11-25,"NOH @ DEN","DEN","NOH",6
"Regular Season","2012-13",21200013,2012-11-26,"NYK @ BKN","BKN","NYK",1
"Regular Season","2012-13",21200197,2012-11-26,"WAS vs. SAS","SAS","WAS",2
"Regular Season","2012-13",21200198,2012-11-26,"POR @ DET","DET","POR",3
"Regular Season","2012-13",21200199,2012-11-26,"CHI vs. MIL","MIL","CHI",4
"Regular Season","2012-13",21200200,2012-11-26,"MEM vs. CLE","MEM","CLE",5
"Regular Season","2012-13",21200201,2012-11-26,"CHA @ OKC","OKC","CHA",6
"Regular Season","2012-13",21200202,2012-11-26,"UTA vs. DEN","UTA","DEN",7
"Regular Season","2012-13",21200203,2012-11-26,"LAC vs. NOH","NOH","LAC",8
"Regular Season","2012-13",21200204,2012-11-27,"DAL @ PHI","PHI","DAL",1
"Regular Season","2012-13",21200205,2012-11-27,"CLE vs. PHX","PHX","CLE",2
"Regular Season","2012-13",21200206,2012-11-27,"HOU vs. TOR","HOU","TOR",3
"Regular Season","2012-13",21200207,2012-11-27,"MIN @ SAC","MIN","SAC",4
"Regular Season","2012-13",21200208,2012-11-27,"IND @ LAL","IND","LAL",5
"Regular Season","2012-13",21200209,2012-11-28,"POR @ WAS","WAS","POR",1
"Regular Season","2012-13",21200210,2012-11-28,"SAS @ ORL","SAS","ORL",2
"Regular Season","2012-13",21200211,2012-11-28,"BOS vs. BKN","BKN","BOS",3
"Regular Season","2012-13",21200212,2012-11-28,"ATL vs. CHA","ATL","CHA",4
"Regular Season","2012-13",21200213,2012-11-28,"DET vs. PHX","DET","PHX",5
"Regular Season","2012-13",21200214,2012-11-28,"CHI vs. DAL","CHI","DAL",6
"Regular Season","2012-13",21200215,2012-11-28,"NYK @ MIL","NYK","MIL",7
"Regular Season","2012-13",21200216,2012-11-28,"MEM vs. TOR","MEM","TOR",8
"Regular Season","2012-13",21200217,2012-11-28,"UTA @ NOH","UTA","NOH",9
"Regular Season","2012-13",21200218,2012-11-28,"OKC vs. HOU","OKC","HOU",10
"Regular Season","2012-13",21200219,2012-11-28,"MIN @ LAC","LAC","MIN",11
"Regular Season","2012-13",21200220,2012-11-29,"MIA vs. SAS","MIA","SAS",1
"Regular Season","2012-13",21200221,2012-11-29,"DEN @ GSW","GSW","DEN",2
"Regular Season","2012-13",21200222,2012-11-30,"TOR vs. PHX","TOR","PHX",1
"Regular Season","2012-13",21200223,2012-11-30,"CHA vs. PHI","PHI","CHA",2
"Regular Season","2012-13",21200224,2012-11-30,"BKN @ ORL","BKN","ORL",3
"Regular Season","2012-13",21200225,2012-11-30,"BOS vs. POR","BOS","POR",4
"Regular Season","2012-13",21200226,2012-11-30,"NYK vs. WAS","NYK","WAS",5
"Regular Season","2012-13",21200227,2012-11-30,"ATL vs. CLE","CLE","ATL",6
"Regular Season","2012-13",21200228,2012-11-30,"MEM vs. DET","MEM","DET",7
"Regular Season","2012-13",21200229,2012-11-30,"OKC vs. UTA","OKC","UTA",8
"Regular Season","2012-13",21200230,2012-11-30,"MIN vs. MIL","MIN","MIL",9
"Regular Season","2012-13",21200231,2012-11-30,"IND @ SAC","IND","SAC",10
"Regular Season","2012-13",21200232,2012-11-30,"LAL vs. DEN","LAL","DEN",11
"Regular Season","2012-13",21200233,2012-12-01,"MIA vs. BKN","MIA","BKN",1
"Regular Season","2012-13",21200234,2012-12-01,"CLE vs. POR","POR","CLE",2
"Regular Season","2012-13",21200235,2012-12-01,"CHI vs. PHI","CHI","PHI",3
"Regular Season","2012-13",21200236,2012-12-01,"OKC @ NOH","OKC","NOH",4
"Regular Season","2012-13",21200237,2012-12-01,"UTA @ HOU","HOU","UTA",5
"Regular Season","2012-13",21200238,2012-12-01,"MIL vs. BOS","MIL","BOS",6
"Regular Season","2012-13",21200239,2012-12-01,"SAS vs. MEM","SAS","MEM",7
"Regular Season","2012-13",21200240,2012-12-01,"DET @ DAL","DAL","DET",8
"Regular Season","2012-13",21200241,2012-12-01,"LAC vs. SAC","LAC","SAC",9
"Regular Season","2012-13",21200242,2012-12-01,"IND @ GSW","GSW","IND",10
"Regular Season","2012-13",21200243,2012-12-02,"NYK vs. PHX","NYK","PHX",1
"Regular Season","2012-13",21200244,2012-12-02,"ORL @ LAL","ORL","LAL",2
"Regular Season","2012-13",21200245,2012-12-03,"POR @ CHA","POR","CHA",1
"Regular Season","2012-13",21200246,2012-12-03,"CLE @ DET","DET","CLE",2
"Regular Season","2012-13",21200247,2012-12-03,"NOH vs. MIL","NOH","MIL",3
"Regular Season","2012-13",21200248,2012-12-03,"TOR @ DEN","DEN","TOR",4
"Regular Season","2012-13",21200249,2012-12-03,"UTA vs. LAC","LAC","UTA",5
"Regular Season","2012-13",21200250,2012-12-03,"GSW vs. ORL","ORL","GSW",6
"Regular Season","2012-13",21200251,2012-12-04,"PHI vs. MIN","MIN","PHI",1
"Regular Season","2012-13",21200252,2012-12-04,"WAS vs. MIA","WAS","MIA",2
"Regular Season","2012-13",21200253,2012-12-04,"BKN vs. OKC","OKC","BKN",3
"Regular Season","2012-13",21200254,2012-12-04,"CHI vs. IND","IND","CHI",4
"Regular Season","2012-13",21200255,2012-12-04,"MEM vs. PHX","MEM","PHX",5
"Regular Season","2012-13",21200256,2012-12-04,"LAL @ HOU","HOU","LAL",6
"Regular Season","2012-13",21200257,2012-12-05,"NYK @ CHA","NYK","CHA",1
"Regular Season","2012-13",21200258,2012-12-05,"IND vs. POR","IND","POR",2
"Regular Season","2012-13",21200259,2012-12-05,"MIN @ BOS","BOS","MIN",3
"Regular Season","2012-13",21200260,2012-12-05,"DEN @ ATL","ATL","DEN",4
"Regular Season","2012-13",21200261,2012-12-05,"DET vs. GSW","GSW","DET",5
"Regular Season","2012-13",21200262,2012-12-05,"CLE vs. CHI","CHI","CLE",6
"Regular Season","2012-13",21200263,2012-12-05,"NOH vs. LAL","LAL","NOH",7
"Regular Season","2012-13",21200264,2012-12-05,"SAS vs. MIL","SAS","MIL",8
"Regular Season","2012-13",21200265,2012-12-05,"UTA vs. ORL","UTA","ORL",9
"Regular Season","2012-13",21200266,2012-12-05,"TOR @ SAC","SAC","TOR",10
"Regular Season","2012-13",21200267,2012-12-05,"LAC vs. DAL","LAC","DAL",11
"Regular Season","2012-13",21200268,2012-12-06,"NYK @ MIA","NYK","MIA",1
"Regular Season","2012-13",21200269,2012-12-06,"PHX vs. DAL","DAL","PHX",2
"Regular Season","2012-13",21200270,2012-12-07,"BOS @ PHI","PHI","BOS",1
"Regular Season","2012-13",21200271,2012-12-07,"DEN @ IND","DEN","IND",2
"Regular Season","2012-13",21200272,2012-12-07,"GSW @ BKN","GSW","BKN",3
"Regular Season","2012-13",21200273,2012-12-07,"WAS @ ATL","ATL","WAS",4
"Regular Season","2012-13",21200274,2012-12-07,"CHI @ DET","CHI","DET",5
"Regular Season","2012-13",21200275,2012-12-07,"MEM @ NOH","MEM","NOH",6
"Regular Season","2012-13",21200276,2012-12-07,"MIN vs. CLE","MIN","CLE",7
"Regular Season","2012-13",21200277,2012-12-07,"MIL vs. CHA","MIL","CHA",8
"Regular Season","2012-13",21200278,2012-12-07,"HOU @ SAS","SAS","HOU",9
"Regular Season","2012-13",21200279,2012-12-07,"TOR @ UTA","UTA","TOR",10
"Regular Season","2012-13",21200280,2012-12-07,"LAL @ OKC","OKC","LAL",11
"Regular Season","2012-13",21200281,2012-12-07,"ORL @ SAC","SAC","ORL",12
"Regular Season","2012-13",21200282,2012-12-08,"LAC vs. PHX","LAC","PHX",1
"Regular Season","2012-13",21200283,2012-12-08,"WAS vs. GSW","GSW","WAS",2
"Regular Season","2012-13",21200284,2012-12-08,"CHA vs. SAS","SAS","CHA",3
"Regular Season","2012-13",21200285,2012-12-08,"BOS vs. PHI","BOS","PHI",4
"Regular Season","2012-13",21200286,2012-12-08,"NOH @ MIA","MIA","NOH",5
"Regular Season","2012-13",21200287,2012-12-08,"CLE vs. DET","DET","CLE",6
"Regular Season","2012-13",21200288,2012-12-08,"CHI vs. NYK","CHI","NYK",7
"Regular Season","2012-13",21200289,2012-12-08,"MEM vs. ATL","ATL","MEM",8
"Regular Season","2012-13",21200290,2012-12-08,"DAL @ HOU","DAL","HOU",9
"Regular Season","2012-13",21200291,2012-12-08,"POR vs. SAC","SAC","POR",10
"Regular Season","2012-13",21200292,2012-12-09,"TOR @ LAC","LAC","TOR",1
"Regular Season","2012-13",21200293,2012-12-09,"BKN vs. MIL","MIL","BKN",2
"Regular Season","2012-13",21200294,2012-12-09,"OKC vs. IND","OKC","IND",3
"Regular Season","2012-13",21200295,2012-12-09,"DEN @ NYK","NYK","DEN",4
"Regular Season","2012-13",21200296,2012-12-09,"ORL @ PHX","ORL","PHX",5
"Regular Season","2012-13",21200297,2012-12-09,"UTA @ LAL","UTA","LAL",6
"Regular Season","2012-13",21200298,2012-12-10,"PHI vs. DET","PHI","DET",1
"Regular Season","2012-13",21200299,2012-12-10,"GSW @ CHA","GSW","CHA",2
"Regular Season","2012-13",21200300,2012-12-10,"MIA vs. ATL","MIA","ATL",3
"Regular Season","2012-13",21200301,2012-12-10,"HOU vs. SAS","SAS","HOU",4
"Regular Season","2012-13",21200302,2012-12-10,"DAL vs. SAC","DAL","SAC",5
"Regular Season","2012-13",21200303,2012-12-10,"POR vs. TOR","POR","TOR",6
"Regular Season","2012-13",21200304,2012-12-11,"BKN vs. NYK","NYK","BKN",1
"Regular Season","2012-13",21200305,2012-12-11,"LAL @ CLE","CLE","LAL",2
"Regular Season","2012-13",21200306,2012-12-11,"DET vs. DEN","DEN","DET",3
"Regular Season","2012-13",21200307,2012-12-11,"NOH vs. WAS","WAS","NOH",4
"Regular Season","2012-13",21200308,2012-12-11,"LAC @ CHI","LAC","CHI",5
"Regular Season","2012-13",21200309,2012-12-12,"TOR vs. BKN","BKN","TOR",1
"Regular Season","2012-13",21200310,2012-12-12,"ORL vs. ATL","ATL","ORL",2
"Regular Season","2012-13",21200311,2012-12-12,"IND vs. CLE","IND","CLE",3
"Regular Season","2012-13",21200312,2012-12-12,"CHI @ PHI","CHI","PHI",4
"Regular Season","2012-13",21200313,2012-12-12,"CHA vs. LAC","LAC","CHA",5
"Regular Season","2012-13",21200314,2012-12-12,"GSW @ MIA","GSW","MIA",6
"Regular Season","2012-13",21200315,2012-12-12,"DAL @ BOS","BOS","DAL",7
"Regular Season","2012-13",21200316,2012-12-12,"MIL vs. SAC","MIL","SAC",8
"Regular Season","2012-13",21200317,2012-12-12,"HOU vs. WAS","HOU","WAS",9
"Regular Season","2012-13",21200318,2012-12-12,"OKC vs. NOH","OKC","NOH",10
"Regular Season","2012-13",21200319,2012-12-12,"MIN vs. DEN","MIN","DEN",11
"Regular Season","2012-13",21200320,2012-12-12,"MEM @ PHX","PHX","MEM",12
"Regular Season","2012-13",21200321,2012-12-12,"UTA vs. SAS","UTA","SAS",13
"Regular Season","2012-13",21200322,2012-12-13,"ATL vs. CHA","ATL","CHA",1
"Regular Season","2012-13",21200323,2012-12-13,"NYK vs. LAL","NYK","LAL",2
"Regular Season","2012-13",21200324,2012-12-13,"POR vs. SAS","POR","SAS",3
"Regular Season","2012-13",21200325,2012-12-14,"DAL @ TOR","TOR","DAL",1
"Regular Season","2012-13",21200326,2012-12-14,"WAS vs. LAL","LAL","WAS",2
"Regular Season","2012-13",21200327,2012-12-14,"IND vs. PHI","IND","PHI",3
"Regular Season","2012-13",21200328,2012-12-14,"DET @ BKN","BKN","DET",4
"Regular Season","2012-13",21200329,2012-12-14,"CLE vs. MIL","MIL","CLE",5
"Regular Season","2012-13",21200330,2012-12-14,"ORL vs. GSW","ORL","GSW",6
"Regular Season","2012-13",21200331,2012-12-14,"MIN @ NOH","MIN","NOH",7
"Regular Season","2012-13",21200332,2012-12-14,"HOU vs. BOS","HOU","BOS",8
"Regular Season","2012-13",21200333,2012-12-14,"OKC vs. SAC","OKC","SAC",9
"Regular Season","2012-13",21200334,2012-12-14,"PHX vs. UTA","PHX","UTA",10
"Regular Season","2012-13",21200335,2012-12-14,"DEN vs. MEM","DEN","MEM",11
"Regular Season","2012-13",21200336,2012-12-15,"CHA vs. ORL","ORL","CHA",1
"Regular Season","2012-13",21200337,2012-12-15,"GSW @ ATL","GSW","ATL",2
"Regular Season","2012-13",21200338,2012-12-15,"CLE @ NYK","NYK","CLE",3
"Regular Season","2012-13",21200339,2012-12-15,"MIA vs. WAS","MIA","WAS",4
"Regular Season","2012-13",21200340,2012-12-15,"DET vs. IND","IND","DET",5
"Regular Season","2012-13",21200341,2012-12-15,"BKN @ CHI","CHI","BKN",6
"Regular Season","2012-13",21200342,2012-12-15,"DAL @ MIN","MIN","DAL",7
"Regular Season","2012-13",21200343,2012-12-15,"MIL vs. LAC","LAC","MIL",8
"Regular Season","2012-13",21200344,2012-12-15,"BOS @ SAS","SAS","BOS",9
"Regular Season","2012-13",21200345,2012-12-15,"MEM @ UTA","MEM","UTA",10
"Regular Season","2012-13",21200346,2012-12-16,"HOU @ TOR","TOR","HOU",1
"Regular Season","2012-13",21200347,2012-12-16,"LAL @ PHI","LAL","PHI",2
"Regular Season","2012-13",21200348,2012-12-16,"SAC vs. DEN","DEN","SAC",3
"Regular Season","2012-13",21200349,2012-12-16,"NOH @ POR","POR","NOH",4
"Regular Season","2012-13",21200350,2012-12-17,"ORL vs. MIN","ORL","MIN",1
"Regular Season","2012-13",21200351,2012-12-17,"NYK vs. HOU","HOU","NYK",2
"Regular Season","2012-13",21200352,2012-12-17,"DET vs. LAC","LAC","DET",3
"Regular Season","2012-13",21200353,2012-12-17,"CHI @ MEM","MEM","CHI",4
"Regular Season","2012-13",21200354,2012-12-17,"OKC vs. SAS","OKC","SAS",5
"Regular Season","2012-13",21200355,2012-12-17,"PHX vs. SAC","PHX","SAC",6
"Regular Season","2012-13",21200356,2012-12-18,"ATL @ WAS","ATL","WAS",1
"Regular Season","2012-13",21200357,2012-12-18,"TOR @ CLE","TOR","CLE",2
"Regular Season","2012-13",21200358,2012-12-18,"UTA @ BKN","UTA","BKN",3
"Regular Season","2012-13",21200359,2012-12-18,"MIA vs. MIN","MIA","MIN",4
"Regular Season","2012-13",21200360,2012-12-18,"BOS @ CHI","CHI","BOS",5
"Regular Season","2012-13",21200361,2012-12-18,"IND @ MIL","MIL","IND",6
"Regular Season","2012-13",21200362,2012-12-18,"PHI @ DAL","DAL","PHI",7
"Regular Season","2012-13",21200363,2012-12-18,"SAS @ DEN","DEN","SAS",8
"Regular Season","2012-13",21200364,2012-12-18,"CHA @ LAL","LAL","CHA",9
"Regular Season","2012-13",21200365,2012-12-18,"NOH @ GSW","GSW","NOH",10
"Regular Season","2012-13",21200366,2012-12-19,"DET @ TOR","TOR","DET",1
"Regular Season","2012-13",21200367,2012-12-19,"NYK vs. BKN","NYK","BKN",2
"Regular Season","2012-13",21200368,2012-12-19,"ORL vs. WAS","ORL","WAS",3
"Regular Season","2012-13",21200369,2012-12-19,"UTA @ IND","IND","UTA",4
"Regular Season","2012-13",21200370,2012-12-19,"BOS vs. CLE","BOS","CLE",5
"Regular Season","2012-13",21200371,2012-12-19,"OKC @ ATL","OKC","ATL",6
"Regular Season","2012-13",21200372,2012-12-19,"PHI @ HOU","HOU","PHI",7
"Regular Season","2012-13",21200373,2012-12-19,"PHX vs. CHA","PHX","CHA",8
"Regular Season","2012-13",21200374,2012-12-19,"MEM vs. MIL","MEM","MIL",9
"Regular Season","2012-13",21200375,2012-12-19,"SAC vs. GSW","SAC","GSW",10
"Regular Season","2012-13",21200376,2012-12-19,"LAC vs. NOH","LAC","NOH",11
"Regular Season","2012-13",21200377,2012-12-20,"OKC @ MIN","MIN","OKC",1
"Regular Season","2012-13",21200378,2012-12-20,"MIA @ DAL","MIA","DAL",2
"Regular Season","2012-13",21200379,2012-12-20,"DEN @ POR","POR","DEN",3
"Regular Season","2012-13",21200380,2012-12-21,"ORL @ TOR","TOR","ORL",1
"Regular Season","2012-13",21200381,2012-12-21,"ATL @ PHI","PHI","ATL",2
"Regular Season","2012-13",21200382,2012-12-21,"MIL @ BOS","MIL","BOS",3
"Regular Season","2012-13",21200383,2012-12-21,"CHI @ NYK","CHI","NYK",4
"Regular Season","2012-13",21200384,2012-12-21,"WAS @ DET","DET","WAS",5
"Regular Season","2012-13",21200385,2012-12-21,"IND @ CLE","IND","CLE",6
"Regular Season","2012-13",21200386,2012-12-21,"MEM vs. DAL","MEM","DAL",7
"Regular Season","2012-13",21200387,2012-12-21,"SAS vs. NOH","SAS","NOH",8
"Regular Season","2012-13",21200388,2012-12-21,"LAC vs. SAC","LAC","SAC",9
"Regular Season","2012-13",21200389,2012-12-21,"CHA @ GSW","GSW","CHA",10
"Regular Season","2012-13",21200390,2012-12-22,"DET @ WAS","DET","WAS",1
"Regular Season","2012-13",21200391,2012-12-22,"CHI @ ATL","ATL","CHI",2
"Regular Season","2012-13",21200392,2012-12-22,"MIA vs. UTA","MIA","UTA",3
"Regular Season","2012-13",21200393,2012-12-22,"NOH vs. IND","IND","NOH",4
"Regular Season","2012-13",21200394,2012-12-22,"MEM @ HOU","HOU","MEM",5
"Regular Season","2012-13",21200395,2012-12-22,"CLE @ MIL","CLE","MIL",6
"Regular Season","2012-13",21200396,2012-12-22,"CHA @ DEN","DEN","CHA",7
"Regular Season","2012-13",21200397,2012-12-22,"PHX @ POR","POR","PHX",8
"Regular Season","2012-13",21200398,2012-12-22,"LAL @ GSW","LAL","GSW",9
"Regular Season","2012-13",21200399,2012-12-23,"PHI @ BKN","BKN","PHI",1
"Regular Season","2012-13",21200400,2012-12-23,"NYK vs. MIN","NYK","MIN",2
"Regular Season","2012-13",21200401,2012-12-23,"ORL vs. UTA","UTA","ORL",3
"Regular Season","2012-13",21200402,2012-12-23,"DAL @ SAS","SAS","DAL",4
"Regular Season","2012-13",21200403,2012-12-23,"LAC @ PHX","LAC","PHX",5
"Regular Season","2012-13",21200404,2012-12-23,"POR @ SAC","SAC","POR",6
"Regular Season","2012-13",21200405,2012-12-25,"BOS @ BKN","BOS","BKN",1
"Regular Season","2012-13",21200406,2012-12-25,"LAL vs. NYK","LAL","NYK",2
"Regular Season","2012-13",21200407,2012-12-25,"MIA vs. OKC","MIA","OKC",3
"Regular Season","2012-13",21200408,2012-12-25,"HOU @ CHI","HOU","CHI",4
"Regular Season","2012-13",21200409,2012-12-25,"LAC vs. DEN","LAC","DEN",5
"Regular Season","2012-13",21200410,2012-12-26,"WAS vs. CLE","CLE","WAS",1
"Regular Season","2012-13",21200411,2012-12-26,"MIA @ CHA","MIA","CHA",2
"Regular Season","2012-13",21200412,2012-12-26,"NOH @ ORL","NOH","ORL",3
"Regular Season","2012-13",21200414,2012-12-26,"DET @ ATL","ATL","DET",4
"Regular Season","2012-13",21200415,2012-12-26,"BKN @ MIL","MIL","BKN",5
"Regular Season","2012-13",21200416,2012-12-26,"MEM vs. PHI","PHI","MEM",6
"Regular Season","2012-13",21200417,2012-12-26,"HOU @ MIN","HOU","MIN",7
"Regular Season","2012-13",21200418,2012-12-26,"SAS vs. TOR","SAS","TOR",8
"Regular Season","2012-13",21200419,2012-12-26,"DEN vs. LAL","DEN","LAL",9
"Regular Season","2012-13",21200420,2012-12-26,"UTA vs. GSW","GSW","UTA",10
"Regular Season","2012-13",21200421,2012-12-26,"PHX vs. NYK","NYK","PHX",11
"Regular Season","2012-13",21200422,2012-12-26,"SAC @ POR","POR","SAC",12
"Regular Season","2012-13",21200423,2012-12-27,"OKC vs. DAL","OKC","DAL",1
"Regular Season","2012-13",21200424,2012-12-27,"BOS @ LAC","LAC","BOS",2
"Regular Season","2012-13",21200425,2012-12-28,"WAS vs. ORL","WAS","ORL",1
"Regular Season","2012-13",21200426,2012-12-28,"PHX @ IND","IND","PHX",2
"Regular Season","2012-13",21200427,2012-12-28,"CHA @ BKN","BKN","CHA",3
"Regular Season","2012-13",21200428,2012-12-28,"MIA @ DET","DET","MIA",4
"Regular Season","2012-13",21200429,2012-12-28,"CLE vs. ATL","ATL","CLE",5
"Regular Season","2012-13",21200430,2012-12-28,"TOR @ NOH","TOR","NOH",6
"Regular Season","2012-13",21200431,2012-12-28,"DEN @ DAL","DEN","DAL",7
"Regular Season","2012-13",21200432,2012-12-28,"SAS vs. HOU","SAS","HOU",8
"Regular Season","2012-13",21200433,2012-12-28,"LAC @ UTA","LAC","UTA",9
"Regular Season","2012-13",21200434,2012-12-28,"SAC vs. NYK","SAC","NYK",10
"Regular Season","2012-13",21200435,2012-12-28,"POR @ LAL","LAL","POR",11
"Regular Season","2012-13",21200436,2012-12-28,"GSW vs. PHI","GSW","PHI",12
"Regular Season","2012-13",21200437,2012-12-29,"NOH @ CHA","NOH","CHA",1
"Regular Season","2012-13",21200438,2012-12-29,"ATL vs. IND","ATL","IND",2
"Regular Season","2012-13",21200439,2012-12-29,"TOR @ ORL","TOR","ORL",3
"Regular Season","2012-13",21200440,2012-12-29,"CLE @ BKN","BKN","CLE",4
"Regular Season","2012-13",21200441,2012-12-29,"CHI vs. WAS","CHI","WAS",5
"Regular Season","2012-13",21200442,2012-12-29,"MEM vs. DEN","MEM","DEN",6
"Regular Season","2012-13",21200443,2012-12-29,"OKC @ HOU","OKC","HOU",7
"Regular Season","2012-13",21200444,2012-12-29,"MIN vs. PHX","MIN","PHX",8
"Regular Season","2012-13",21200445,2012-12-29,"MIL vs. MIA","MIL","MIA",9
"Regular Season","2012-13",21200446,2012-12-29,"PHI @ POR","POR","PHI",10
"Regular Season","2012-13",21200447,2012-12-29,"GSW vs. BOS","GSW","BOS",11
"Regular Season","2012-13",21200448,2012-12-30,"MIL @ DET","DET","MIL",1
"Regular Season","2012-13",21200449,2012-12-30,"SAS @ DAL","SAS","DAL",2
"Regular Season","2012-13",21200450,2012-12-30,"BOS @ SAC","SAC","BOS",3
"Regular Season","2012-13",21200451,2012-12-30,"LAC vs. UTA","LAC","UTA",4
"Regular Season","2012-13",21200452,2012-12-31,"IND vs. MEM","IND","MEM",1
"Regular Season","2012-13",21200453,2012-12-31,"CHI vs. CHA","CHA","CHI",2
"Regular Season","2012-13",21200454,2012-12-31,"ORL vs. MIA","MIA","ORL",3
"Regular Season","2012-13",21200455,2012-12-31,"ATL @ HOU","HOU","ATL",4
"Regular Season","2012-13",21200456,2012-12-31,"PHX @ OKC","OKC","PHX",5
"Regular Season","2012-13",21200457,2012-12-31,"SAS vs. BKN","SAS","BKN",6
"Regular Season","2012-13",21200458,2013-01-01,"DAL @ WAS","DAL","WAS",1
"Regular Season","2012-13",21200459,2013-01-01,"NYK vs. POR","POR","NYK",2
"Regular Season","2012-13",21200460,2013-01-01,"SAC @ DET","DET","SAC",3
"Regular Season","2012-13",21200461,2013-01-01,"ATL @ NOH","ATL","NOH",4
"Regular Season","2012-13",21200462,2013-01-01,"DEN vs. LAC","DEN","LAC",5
"Regular Season","2012-13",21200463,2013-01-01,"PHI @ LAL","PHI","LAL",6
"Regular Season","2012-13",21200464,2013-01-02,"POR @ TOR","TOR","POR",1
"Regular Season","2012-13",21200465,2013-01-02,"CHI @ ORL","CHI","ORL",2
"Regular Season","2012-13",21200466,2013-01-02,"SAC @ CLE","SAC","CLE",3
"Regular Season","2012-13",21200467,2013-01-02,"IND vs. WAS","IND","WAS",4
"Regular Season","2012-13",21200468,2013-01-02,"BOS vs. MEM","MEM","BOS",5
"Regular Season","2012-13",21200469,2013-01-02,"DAL @ MIA","MIA","DAL",6
"Regular Season","2012-13",21200470,2013-01-02,"SAS @ MIL","SAS","MIL",7
"Regular Season","2012-13",21200471,2013-01-02,"NOH @ HOU","HOU","NOH",8
"Regular Season","2012-13",21200472,2013-01-02,"OKC vs. BKN","BKN","OKC",9
"Regular Season","2012-13",21200473,2013-01-02,"UTA vs. MIN","UTA","MIN",10
"Regular Season","2012-13",21200474,2013-01-02,"PHX vs. PHI","PHX","PHI",11
"Regular Season","2012-13",21200475,2013-01-02,"LAC @ GSW","GSW","LAC",12
"Regular Season","2012-13",21200476,2013-01-03,"NYK vs. SAS","NYK","SAS",1
"Regular Season","2012-13",21200477,2013-01-03,"DEN vs. MIN","MIN","DEN",2
"Regular Season","2012-13",21200478,2013-01-04,"SAC @ TOR","SAC","TOR",1
"Regular Season","2012-13",21200479,2013-01-04,"BKN @ WAS","BKN","WAS",2
"Regular Season","2012-13",21200480,2013-01-04,"CLE @ CHA","CLE","CHA",3
"Regular Season","2012-13",21200481,2013-01-04,"MIA vs. CHI","CHI","MIA",4
"Regular Season","2012-13",21200482,2013-01-04,"DET vs. ATL","DET","ATL",5
"Regular Season","2012-13",21200483,2013-01-04,"BOS vs. IND","BOS","IND",6
"Regular Season","2012-13",21200484,2013-01-04,"MEM vs. POR","POR","MEM",7
"Regular Season","2012-13",21200485,2013-01-04,"PHI @ OKC","OKC","PHI",8
"Regular Season","2012-13",21200486,2013-01-04,"MIL vs. HOU","HOU","MIL",9
"Regular Season","2012-13",21200487,2013-01-04,"UTA @ PHX","UTA","PHX",10
"Regular Season","2012-13",21200488,2013-01-04,"LAC vs. LAL","LAC","LAL",11
"Regular Season","2012-13",21200489,2013-01-05,"BOS @ ATL","BOS","ATL",1
"Regular Season","2012-13",21200490,2013-01-05,"NYK @ ORL","NYK","ORL",2
"Regular Season","2012-13",21200491,2013-01-05,"IND vs. MIL","IND","MIL",3
"Regular Season","2012-13",21200492,2013-01-05,"SAC @ BKN","BKN","SAC",4
"Regular Season","2012-13",21200493,2013-01-05,"CLE vs. HOU","HOU","CLE",5
"Regular Season","2012-13",21200494,2013-01-05,"MIN vs. POR","POR","MIN",6
"Regular Season","2012-13",21200495,2013-01-05,"DAL vs. NOH","NOH","DAL",7
"Regular Season","2012-13",21200496,2013-01-05,"SAS vs. PHI","SAS","PHI",8
"Regular Season","2012-13",21200497,2013-01-05,"DEN vs. UTA","DEN","UTA",9
"Regular Season","2012-13",21200498,2013-01-05,"GSW @ LAC","LAC","GSW",10
"Regular Season","2012-13",21200499,2013-01-06,"TOR vs. OKC","OKC","TOR",1
"Regular Season","2012-13",21200500,2013-01-06,"MIA vs. WAS","MIA","WAS",2
"Regular Season","2012-13",21200501,2013-01-06,"CHA @ DET","CHA","DET",3
"Regular Season","2012-13",21200502,2013-01-06,"PHX vs. MEM","MEM","PHX",4
"Regular Season","2012-13",21200503,2013-01-06,"LAL vs. DEN","DEN","LAL",5
"Regular Season","2012-13",21200504,2013-01-07,"OKC @ WAS","WAS","OKC",1
"Regular Season","2012-13",21200505,2013-01-07,"NYK vs. BOS","BOS","NYK",2
"Regular Season","2012-13",21200506,2013-01-07,"CLE @ CHI","CHI","CLE",3
"Regular Season","2012-13",21200507,2013-01-07,"NOH vs. SAS","NOH","SAS",4
"Regular Season","2012-13",21200508,2013-01-07,"DAL @ UTA","UTA","DAL",5
"Regular Season","2012-13",21200509,2013-01-07,"MEM @ SAC","MEM","SAC",6
"Regular Season","2012-13",21200510,2013-01-07,"ORL @ POR","POR","ORL",7
"Regular Season","2012-13",21200511,2013-01-08,"BKN @ PHI","BKN","PHI",1
"Regular Season","2012-13",21200512,2013-01-08,"IND vs. MIA","IND","MIA",2
"Regular Season","2012-13",21200513,2013-01-08,"PHX @ MIL","MIL","PHX",3
"Regular Season","2012-13",21200514,2013-01-08,"HOU vs. LAL","HOU","LAL",4
"Regular Season","2012-13",21200515,2013-01-08,"ATL @ MIN","MIN","ATL",5
"Regular Season","2012-13",21200516,2013-01-09,"TOR vs. PHI","TOR","PHI",1
"Regular Season","2012-13",21200517,2013-01-09,"CHA vs. UTA","UTA","CHA",2
"Regular Season","2012-13",21200518,2013-01-09,"ATL @ CLE","CLE","ATL",3
"Regular Season","2012-13",21200519,2013-01-09,"PHX @ BOS","BOS","PHX",4
"Regular Season","2012-13",21200520,2013-01-09,"CHI vs. MIL","MIL","CHI",5
"Regular Season","2012-13",21200521,2013-01-09,"HOU @ NOH","NOH","HOU",6
"Regular Season","2012-13",21200522,2013-01-09,"SAS vs. LAL","SAS","LAL",7
"Regular Season","2012-13",21200523,2013-01-09,"OKC vs. MIN","OKC","MIN",8
"Regular Season","2012-13",21200524,2013-01-09,"DEN vs. ORL","DEN","ORL",9
"Regular Season","2012-13",21200525,2013-01-09,"LAC vs. DAL","LAC","DAL",10
"Regular Season","2012-13",21200526,2013-01-09,"GSW vs. MEM","MEM","GSW",11
"Regular Season","2012-13",21200527,2013-01-10,"NYK @ IND","IND","NYK",1
"Regular Season","2012-13",21200528,2013-01-10,"DAL @ SAC","DAL","SAC",2
"Regular Season","2012-13",21200529,2013-01-10,"MIA @ POR","POR","MIA",3
"Regular Season","2012-13",21200530,2013-01-11,"TOR vs. CHA","TOR","CHA",1
"Regular Season","2012-13",21200531,2013-01-11,"BOS vs. HOU","BOS","HOU",2
"Regular Season","2012-13",21200532,2013-01-11,"BKN vs. PHX","BKN","PHX",3
"Regular Season","2012-13",21200533,2013-01-11,"ATL vs. UTA","ATL","UTA",4
"Regular Season","2012-13",21200534,2013-01-11,"CHI @ NYK","CHI","NYK",5
"Regular Season","2012-13",21200535,2013-01-11,"SAS @ MEM","MEM","SAS",6
"Regular Season","2012-13",21200536,2013-01-11,"MIN @ NOH","NOH","MIN",7
"Regular Season","2012-13",21200537,2013-01-11,"DET @ MIL","DET","MIL",8
"Regular Season","2012-13",21200538,2013-01-11,"CLE @ DEN","DEN","CLE",9
"Regular Season","2012-13",21200539,2013-01-11,"OKC @ LAL","OKC","LAL",10
"Regular Season","2012-13",21200540,2013-01-11,"POR @ GSW","GSW","POR",11
"Regular Season","2012-13",21200541,2013-01-12,"ORL @ LAC","ORL","LAC",1
"Regular Season","2012-13",21200542,2013-01-12,"ATL @ WAS","WAS","ATL",2
"Regular Season","2012-13",21200543,2013-01-12,"CHA @ IND","IND","CHA",3
"Regular Season","2012-13",21200544,2013-01-12,"HOU @ PHI","PHI","HOU",4
"Regular Season","2012-13",21200545,2013-01-12,"UTA @ DET","UTA","DET",5
"Regular Season","2012-13",21200546,2013-01-12,"PHX @ CHI","PHX","CHI",6
"Regular Season","2012-13",21200547,2013-01-12,"DAL vs. MEM","DAL","MEM",7
"Regular Season","2012-13",21200548,2013-01-12,"MIA @ SAC","MIA","SAC",8
"Regular Season","2012-13",21200549,2013-01-13,"NOH @ NYK","NYK","NOH",1
"Regular Season","2012-13",21200550,2013-01-13,"TOR vs. MIL","MIL","TOR",2
"Regular Season","2012-13",21200551,2013-01-13,"BKN vs. IND","BKN","IND",3
"Regular Season","2012-13",21200552,2013-01-13,"MIN @ SAS","SAS","MIN",4
"Regular Season","2012-13",21200553,2013-01-13,"DEN vs. GSW","DEN","GSW",5
"Regular Season","2012-13",21200554,2013-01-13,"OKC @ POR","OKC","POR",6
"Regular Season","2012-13",21200555,2013-01-13,"CLE @ LAL","LAL","CLE",7
"Regular Season","2012-13",21200556,2013-01-14,"WAS vs. ORL","WAS","ORL",1
"Regular Season","2012-13",21200557,2013-01-14,"CHA @ BOS","BOS","CHA",2
"Regular Season","2012-13",21200558,2013-01-14,"CHI vs. ATL","CHI","ATL",3
"Regular Season","2012-13",21200559,2013-01-14,"LAC @ MEM","LAC","MEM",4
"Regular Season","2012-13",21200560,2013-01-14,"MIN @ DAL","DAL","MIN",5
"Regular Season","2012-13",21200561,2013-01-14,"MIA @ UTA","UTA","MIA",6
"Regular Season","2012-13",21200562,2013-01-14,"OKC @ PHX","OKC","PHX",7
"Regular Season","2012-13",21200563,2013-01-14,"CLE @ SAC","SAC","CLE",8
"Regular Season","2012-13",21200564,2013-01-15,"PHI vs. NOH","NOH","PHI",1
"Regular Season","2012-13",21200565,2013-01-15,"CHA vs. IND","IND","CHA",2
"Regular Season","2012-13",21200566,2013-01-15,"TOR @ BKN","BKN","TOR",3
"Regular Season","2012-13",21200567,2013-01-15,"HOU vs. LAC","LAC","HOU",4
"Regular Season","2012-13",21200568,2013-01-15,"POR @ DEN","DEN","POR",5
"Regular Season","2012-13",21200569,2013-01-15,"MIL @ LAL","LAL","MIL",6
"Regular Season","2012-13",21200570,2013-01-16,"CHI @ TOR","CHI","TOR",1
"Regular Season","2012-13",21200571,2013-01-16,"IND @ ORL","ORL","IND",2
"Regular Season","2012-13",21200572,2013-01-16,"BKN @ ATL","ATL","BKN",3
"Regular Season","2012-13",21200573,2013-01-16,"NOH @ BOS","NOH","BOS",4
"Regular Season","2012-13",21200574,2013-01-16,"DEN @ OKC","OKC","DEN",5
"Regular Season","2012-13",21200575,2013-01-16,"HOU @ DAL","DAL","HOU",6
"Regular Season","2012-13",21200576,2013-01-16,"MEM @ SAS","SAS","MEM",7
"Regular Season","2012-13",21200577,2013-01-16,"SAC vs. WAS","SAC","WAS",8
"Regular Season","2012-13",21200578,2013-01-16,"CLE @ POR","CLE","POR",9
"Regular Season","2012-13",21200579,2013-01-16,"GSW vs. MIA","MIA","GSW",10
"Regular Season","2012-13",21200580,2013-01-17,"DET vs. NYK","NYK","DET",1
"Regular Season","2012-13",21200581,2013-01-17,"MIN vs. LAC","LAC","MIN",2
"Regular Season","2012-13",21200582,2013-01-17,"MIL @ PHX","MIL","PHX",3
"Regular Season","2012-13",21200583,2013-01-17,"MIA @ LAL","MIA","LAL",4
"Regular Season","2012-13",21200584,2013-01-18,"BOS vs. CHI","CHI","BOS",1
"Regular Season","2012-13",21200585,2013-01-18,"TOR @ PHI","PHI","TOR",2
"Regular Season","2012-13",21200586,2013-01-18,"ORL vs. CHA","CHA","ORL",3
"Regular Season","2012-13",21200587,2013-01-18,"IND vs. HOU","IND","HOU",4
"Regular Season","2012-13",21200588,2013-01-18,"BKN vs. ATL","BKN","ATL",5
"Regular Season","2012-13",21200589,2013-01-18,"MEM vs. SAC","MEM","SAC",6
"Regular Season","2012-13",21200590,2013-01-18,"SAS vs. GSW","SAS","GSW",7
"Regular Season","2012-13",21200591,2013-01-18,"WAS @ DEN","WAS","DEN",8
"Regular Season","2012-13",21200592,2013-01-18,"OKC @ DAL","OKC","DAL",9
"Regular Season","2012-13",21200593,2013-01-19,"SAC @ CHA","SAC","CHA",1
"Regular Season","2012-13",21200594,2013-01-19,"ATL vs. SAS","SAS","ATL",2
"Regular Season","2012-13",21200595,2013-01-19,"MEM @ CHI","MEM","CHI",3
"Regular Season","2012-13",21200596,2013-01-19,"NOH vs. GSW","GSW","NOH",4
"Regular Season","2012-13",21200597,2013-01-19,"HOU @ MIN","MIN","HOU",5
"Regular Season","2012-13",21200598,2013-01-19,"UTA vs. CLE","UTA","CLE",6
"Regular Season","2012-13",21200599,2013-01-19,"MIL @ POR","MIL","POR",7
"Regular Season","2012-13",21200600,2013-01-19,"LAC vs. WAS","LAC","WAS",8
"Regular Season","2012-13",21200601,2013-01-20,"LAL @ TOR","TOR","LAL",1
"Regular Season","2012-13",21200602,2013-01-20,"DAL @ ORL","DAL","ORL",2
"Regular Season","2012-13",21200603,2013-01-20,"BOS @ DET","DET","BOS",3
"Regular Season","2012-13",21200604,2013-01-20,"DEN vs. OKC","DEN","OKC",4
"Regular Season","2012-13",21200605,2013-01-21,"MEM vs. IND","IND","MEM",1
"Regular Season","2012-13",21200606,2013-01-21,"NOH vs. SAC","NOH","SAC",2
"Regular Season","2012-13",21200607,2013-01-21,"CHA vs. HOU","HOU","CHA",3
"Regular Season","2012-13",21200608,2013-01-21,"ATL vs. MIN","ATL","MIN",4
"Regular Season","2012-13",21200609,2013-01-21,"BKN @ NYK","BKN","NYK",5
"Regular Season","2012-13",21200610,2013-01-21,"LAC @ GSW","GSW","LAC",6
"Regular Season","2012-13",21200611,2013-01-21,"SAS @ PHI","SAS","PHI",7
"Regular Season","2012-13",21200612,2013-01-21,"CHI vs. LAL","CHI","LAL",8
"Regular Season","2012-13",21200613,2013-01-21,"POR vs. WAS","WAS","POR",9
"Regular Season","2012-13",21200614,2013-01-22,"CLE vs. BOS","CLE","BOS",1
"Regular Season","2012-13",21200615,2013-01-22,"DET vs. ORL","DET","ORL",2
"Regular Season","2012-13",21200616,2013-01-22,"MIL vs. PHI","MIL","PHI",3
"Regular Season","2012-13",21200617,2013-01-22,"LAC vs. OKC","OKC","LAC",4
"Regular Season","2012-13",21200618,2013-01-23,"ATL @ CHA","ATL","CHA",1
"Regular Season","2012-13",21200619,2013-01-23,"TOR @ MIA","MIA","TOR",2
"Regular Season","2012-13",21200620,2013-01-23,"CHI vs. DET","CHI","DET",3
"Regular Season","2012-13",21200621,2013-01-23,"LAL @ MEM","MEM","LAL",4
"Regular Season","2012-13",21200622,2013-01-23,"HOU vs. DEN","DEN","HOU",5
"Regular Season","2012-13",21200623,2013-01-23,"BKN @ MIN","BKN","MIN",6
"Regular Season","2012-13",21200624,2013-01-23,"NOH @ SAS","SAS","NOH",7
"Regular Season","2012-13",21200625,2013-01-23,"WAS @ UTA","UTA","WAS",8
"Regular Season","2012-13",21200626,2013-01-23,"SAC vs. PHX","PHX","SAC",9
"Regular Season","2012-13",21200627,2013-01-23,"POR vs. IND","POR","IND",10
"Regular Season","2012-13",21200628,2013-01-23,"OKC @ GSW","GSW","OKC",11
"Regular Season","2012-13",21200629,2013-01-24,"ORL vs. TOR","TOR","ORL",1
"Regular Season","2012-13",21200630,2013-01-24,"NYK @ BOS","NYK","BOS",2
"Regular Season","2012-13",21200631,2013-01-24,"LAC @ PHX","PHX","LAC",3
"Regular Season","2012-13",21200632,2013-01-25,"WAS vs. MIN","WAS","MIN",1
"Regular Season","2012-13",21200633,2013-01-25,"ATL vs. BOS","ATL","BOS",2
"Regular Season","2012-13",21200634,2013-01-25,"DET @ MIA","MIA","DET",3
"Regular Season","2012-13",21200635,2013-01-25,"MIL @ CLE","CLE","MIL",4
"Regular Season","2012-13",21200636,2013-01-25,"GSW @ CHI","CHI","GSW",5
"Regular Season","2012-13",21200637,2013-01-25,"MEM vs. BKN","MEM","BKN",6
"Regular Season","2012-13",21200638,2013-01-25,"HOU @ NOH","HOU","NOH",7
"Regular Season","2012-13",21200639,2013-01-25,"SAS @ DAL","SAS","DAL",8
"Regular Season","2012-13",21200640,2013-01-25,"OKC @ SAC","OKC","SAC",9
"Regular Season","2012-13",21200641,2013-01-25,"UTA @ LAL","LAL","UTA",10
"Regular Season","2012-13",21200642,2013-01-26,"TOR vs. CLE","CLE","TOR",1
"Regular Season","2012-13",21200643,2013-01-26,"NYK @ PHI","PHI","NYK",2
"Regular Season","2012-13",21200644,2013-01-26,"WAS vs. CHI","WAS","CHI",3
"Regular Season","2012-13",21200645,2013-01-26,"CHA vs. MIN","CHA","MIN",4
"Regular Season","2012-13",21200646,2013-01-26,"BKN @ HOU","HOU","BKN",5
"Regular Season","2012-13",21200647,2013-01-26,"GSW @ MIL","MIL","GSW",6
"Regular Season","2012-13",21200648,2013-01-26,"SAS vs. PHX","SAS","PHX",7
"Regular Season","2012-13",21200649,2013-01-26,"DEN vs. SAC","DEN","SAC",8
"Regular Season","2012-13",21200650,2013-01-26,"IND @ UTA","UTA","IND",9
"Regular Season","2012-13",21200651,2013-01-26,"LAC @ POR","POR","LAC",10
"Regular Season","2012-13",21200652,2013-01-27,"BOS vs. MIA","BOS","MIA",1
"Regular Season","2012-13",21200653,2013-01-27,"OKC @ LAL","LAL","OKC",2
"Regular Season","2012-13",21200654,2013-01-27,"DET @ ORL","DET","ORL",3
"Regular Season","2012-13",21200655,2013-01-27,"MEM vs. NOH","NOH","MEM",4
"Regular Season","2012-13",21200656,2013-01-27,"ATL @ NYK","NYK","ATL",5
"Regular Season","2012-13",21200657,2013-01-27,"DAL vs. PHX","DAL","PHX",6
"Regular Season","2012-13",21200658,2013-01-27,"LAC vs. POR","LAC","POR",7
"Regular Season","2012-13",21200659,2013-01-28,"GSW @ TOR","GSW","TOR",1
"Regular Season","2012-13",21200660,2013-01-28,"PHI vs. MEM","MEM","PHI",2
"Regular Season","2012-13",21200661,2013-01-28,"SAC @ WAS","SAC","WAS",3
"Regular Season","2012-13",21200662,2013-01-28,"BKN vs. ORL","BKN","ORL",4
"Regular Season","2012-13",21200663,2013-01-28,"CHA @ CHI","CHI","CHA",5
"Regular Season","2012-13",21200664,2013-01-28,"IND @ DEN","DEN","IND",6
"Regular Season","2012-13",21200665,2013-01-28,"HOU @ UTA","HOU","UTA",7
"Regular Season","2012-13",21200666,2013-01-29,"GSW @ CLE","GSW","CLE",1
"Regular Season","2012-13",21200667,2013-01-29,"MIL @ DET","MIL","DET",2
"Regular Season","2012-13",21200668,2013-01-29,"DAL @ POR","POR","DAL",3
"Regular Season","2012-13",21200669,2013-01-29,"LAL vs. NOH","LAL","NOH",4
"Regular Season","2012-13",21200670,2013-01-30,"WAS @ PHI","PHI","WAS",1
"Regular Season","2012-13",21200671,2013-01-30,"DET @ IND","IND","DET",2
"Regular Season","2012-13",21200672,2013-01-30,"BOS vs. SAC","BOS","SAC",3
"Regular Season","2012-13",21200673,2013-01-30,"NYK vs. ORL","NYK","ORL",4
"Regular Season","2012-13",21200674,2013-01-30,"ATL vs. TOR","ATL","TOR",5
"Regular Season","2012-13",21200675,2013-01-30,"MIA @ BKN","MIA","BKN",6
"Regular Season","2012-13",21200676,2013-01-30,"MIL vs. CHI","CHI","MIL",7
"Regular Season","2012-13",21200677,2013-01-30,"LAC @ MIN","LAC","MIN",8
"Regular Season","2012-13",21200678,2013-01-30,"CHA @ SAS","SAS","CHA",9
"Regular Season","2012-13",21200679,2013-01-30,"HOU @ DEN","DEN","HOU",10
"Regular Season","2012-13",21200680,2013-01-30,"NOH @ UTA","UTA","NOH",11
"Regular Season","2012-13",21200681,2013-01-30,"PHX vs. LAL","PHX","LAL",12
"Regular Season","2012-13",21200682,2013-01-31,"OKC vs. MEM","OKC","MEM",1
"Regular Season","2012-13",21200683,2013-01-31,"GSW vs. DAL","GSW","DAL",2
"Regular Season","2012-13",21200684,2013-02-01,"TOR vs. LAC","TOR","LAC",1
"Regular Season","2012-13",21200685,2013-02-01,"IND vs. MIA","IND","MIA",2
"Regular Season","2012-13",21200686,2013-02-01,"BOS vs. ORL","BOS","ORL",3
"Regular Season","2012-13",21200687,2013-02-01,"CHI @ BKN","BKN","CHI",4
"Regular Season","2012-13",21200688,2013-02-01,"NYK vs. MIL","NYK","MIL",5
"Regular Season","2012-13",21200689,2013-02-01,"SAC @ PHI","PHI","SAC",6
"Regular Season","2012-13",21200690,2013-02-01,"DET vs. CLE","DET","CLE",7
"Regular Season","2012-13",21200691,2013-02-01,"WAS @ MEM","MEM","WAS",8
"Regular Season","2012-13",21200692,2013-02-01,"DEN vs. NOH","DEN","NOH",9
"Regular Season","2012-13",21200693,2013-02-01,"POR @ UTA","UTA","POR",10
"Regular Season","2012-13",21200694,2013-02-01,"DAL @ PHX","DAL","PHX",11
"Regular Season","2012-13",21200695,2013-02-01,"LAL @ MIN","LAL","MIN",12
"Regular Season","2012-13",21200696,2013-02-02,"CHI @ ATL","CHI","ATL",1
"Regular Season","2012-13",21200697,2013-02-02,"NYK vs. SAC","NYK","SAC",2
"Regular Season","2012-13",21200698,2013-02-02,"CLE vs. OKC","CLE","OKC",3
"Regular Season","2012-13",21200699,2013-02-02,"CHA @ HOU","HOU","CHA",4
"Regular Season","2012-13",21200700,2013-02-02,"NOH @ MIN","MIN","NOH",5
"Regular Season","2012-13",21200701,2013-02-02,"MIL vs. ORL","MIL","ORL",6
"Regular Season","2012-13",21200702,2013-02-02,"SAS vs. WAS","SAS","WAS",7
"Regular Season","2012-13",21200703,2013-02-02,"UTA @ POR","POR","UTA",8
"Regular Season","2012-13",21200704,2013-02-02,"PHX @ GSW","GSW","PHX",9
"Regular Season","2012-13",21200705,2013-02-03,"LAC @ BOS","BOS","LAC",1
"Regular Season","2012-13",21200706,2013-02-03,"DET vs. LAL","LAL","DET",2
"Regular Season","2012-13",21200707,2013-02-03,"TOR vs. MIA","MIA","TOR",3
"Regular Season","2012-13",21200413,2013-02-04,"CHI @ IND","IND","CHI",1
"Regular Season","2012-13",21200708,2013-02-04,"ORL @ PHI","PHI","ORL",2
"Regular Season","2012-13",21200709,2013-02-04,"LAC @ WAS","WAS","LAC",3
"Regular Season","2012-13",21200710,2013-02-04,"NYK vs. DET","NYK","DET",4
"Regular Season","2012-13",21200711,2013-02-04,"CHA @ MIA","MIA","CHA",5
"Regular Season","2012-13",21200712,2013-02-04,"OKC vs. DAL","OKC","DAL",6
"Regular Season","2012-13",21200713,2013-02-04,"MIN vs. POR","POR","MIN",7
"Regular Season","2012-13",21200714,2013-02-04,"SAC @ UTA","UTA","SAC",8
"Regular Season","2012-13",21200715,2013-02-05,"IND vs. ATL","IND","ATL",1
"Regular Season","2012-13",21200716,2013-02-05,"LAL @ BKN","LAL","BKN",2
"Regular Season","2012-13",21200717,2013-02-05,"PHX @ MEM","PHX","MEM",3
"Regular Season","2012-13",21200718,2013-02-05,"HOU vs. GSW","HOU","GSW",4
"Regular Season","2012-13",21200719,2013-02-05,"DEN vs. MIL","DEN","MIL",5
"Regular Season","2012-13",21200720,2013-02-06,"BOS @ TOR","BOS","TOR",1
"Regular Season","2012-13",21200721,2013-02-06,"PHI vs. IND","IND","PHI",2
"Regular Season","2012-13",21200722,2013-02-06,"WAS vs. NYK","WAS","NYK",3
"Regular Season","2012-13",21200723,2013-02-06,"LAC @ ORL","LAC","ORL",4
"Regular Season","2012-13",21200724,2013-02-06,"CLE vs. CHA","CLE","CHA",5
"Regular Season","2012-13",21200725,2013-02-06,"MEM @ ATL","ATL","MEM",6
"Regular Season","2012-13",21200726,2013-02-06,"HOU @ MIA","MIA","HOU",7
"Regular Season","2012-13",21200727,2013-02-06,"DET vs. BKN","BKN","DET",8
"Regular Season","2012-13",21200728,2013-02-06,"NOH vs. PHX","NOH","PHX",9
"Regular Season","2012-13",21200729,2013-02-06,"GSW @ OKC","OKC","GSW",10
"Regular Season","2012-13",21200730,2013-02-06,"POR @ DAL","DAL","POR",11
"Regular Season","2012-13",21200731,2013-02-06,"MIN vs. SAS","SAS","MIN",12
"Regular Season","2012-13",21200732,2013-02-06,"MIL @ UTA","UTA","MIL",13
"Regular Season","2012-13",21200733,2013-02-07,"LAL @ BOS","BOS","LAL",1
"Regular Season","2012-13",21200734,2013-02-07,"DEN vs. CHI","DEN","CHI",2
"Regular Season","2012-13",21200735,2013-02-08,"BKN @ WAS","WAS","BKN",1
"Regular Season","2012-13",21200736,2013-02-08,"CHA vs. LAL","LAL","CHA",2
"Regular Season","2012-13",21200737,2013-02-08,"TOR @ IND","TOR","IND",3
"Regular Season","2012-13",21200738,2013-02-08,"ATL vs. NOH","NOH","ATL",4
"Regular Season","2012-13",21200739,2013-02-08,"DET vs. SAS","DET","SAS",5
"Regular Season","2012-13",21200740,2013-02-08,"ORL @ CLE","CLE","ORL",6
"Regular Season","2012-13",21200741,2013-02-08,"LAC @ MIA","MIA","LAC",7
"Regular Season","2012-13",21200742,2013-02-08,"GSW @ MEM","MEM","GSW",8
"Regular Season","2012-13",21200743,2013-02-08,"POR @ HOU","HOU","POR",9
"Regular Season","2012-13",21200744,2013-02-08,"OKC vs. PHX","OKC","PHX",10
"Regular Season","2012-13",21200745,2013-02-08,"NYK @ MIN","NYK","MIN",11
"Regular Season","2012-13",21200746,2013-02-08,"UTA vs. CHI","CHI","UTA",12
"Regular Season","2012-13",21200747,2013-02-09,"DEN @ CLE","DEN","CLE",1
"Regular Season","2012-13",21200748,2013-02-09,"PHI vs. CHA","PHI","CHA",2
"Regular Season","2012-13",21200749,2013-02-09,"DET @ MIL","DET","MIL",3
"Regular Season","2012-13",21200750,2013-02-09,"DAL vs. GSW","DAL","GSW",4
"Regular Season","2012-13",21200751,2013-02-09,"UTA @ SAC","SAC","UTA",5
"Regular Season","2012-13",21200752,2013-02-10,"LAC @ NYK","LAC","NYK",1
"Regular Season","2012-13",21200753,2013-02-10,"MIA vs. LAL","MIA","LAL",2
"Regular Season","2012-13",21200754,2013-02-10,"BOS vs. DEN","BOS","DEN",3
"Regular Season","2012-13",21200755,2013-02-10,"NOH @ TOR","TOR","NOH",4
"Regular Season","2012-13",21200756,2013-02-10,"POR @ ORL","ORL","POR",5
"Regular Season","2012-13",21200757,2013-02-10,"MEM vs. MIN","MEM","MIN",6
"Regular Season","2012-13",21200758,2013-02-10,"SAS @ BKN","SAS","BKN",7
"Regular Season","2012-13",21200759,2013-02-10,"OKC @ PHX","OKC","PHX",8
"Regular Season","2012-13",21200760,2013-02-10,"HOU @ SAC","SAC","HOU",9
"Regular Season","2012-13",21200761,2013-02-11,"LAC @ PHI","LAC","PHI",1
"Regular Season","2012-13",21200762,2013-02-11,"CHA vs. BOS","CHA","BOS",2
"Regular Season","2012-13",21200763,2013-02-11,"MIN @ CLE","MIN","CLE",3
"Regular Season","2012-13",21200764,2013-02-11,"BKN @ IND","BKN","IND",4
"Regular Season","2012-13",21200765,2013-02-11,"NOH @ DET","NOH","DET",5
"Regular Season","2012-13",21200766,2013-02-11,"SAS @ CHI","SAS","CHI",6
"Regular Season","2012-13",21200767,2013-02-11,"MIL vs. WAS","WAS","MIL",7
"Regular Season","2012-13",21200768,2013-02-11,"DAL vs. ATL","ATL","DAL",8
"Regular Season","2012-13",21200769,2013-02-12,"TOR vs. DEN","TOR","DEN",1
"Regular Season","2012-13",21200770,2013-02-12,"MIA vs. POR","MIA","POR",2
"Regular Season","2012-13",21200771,2013-02-12,"MEM vs. SAC","MEM","SAC",3
"Regular Season","2012-13",21200772,2013-02-12,"OKC @ UTA","UTA","OKC",4
"Regular Season","2012-13",21200773,2013-02-12,"LAL vs. PHX","LAL","PHX",5
"Regular Season","2012-13",21200774,2013-02-12,"GSW vs. HOU","HOU","GSW",6
"Regular Season","2012-13",21200775,2013-02-13,"ATL @ ORL","ATL","ORL",1
"Regular Season","2012-13",21200776,2013-02-13,"SAS @ CLE","SAS","CLE",2
"Regular Season","2012-13",21200777,2013-02-13,"CHA @ IND","IND","CHA",3
"Regular Season","2012-13",21200778,2013-02-13,"BOS vs. CHI","BOS","CHI",4
"Regular Season","2012-13",21200779,2013-02-13,"BKN vs. DEN","BKN","DEN",5
"Regular Season","2012-13",21200780,2013-02-13,"NYK vs. TOR","TOR","NYK",6
"Regular Season","2012-13",21200781,2013-02-13,"DET vs. WAS","DET","WAS",7
"Regular Season","2012-13",21200782,2013-02-13,"PHI @ MIL","MIL","PHI",8
"Regular Season","2012-13",21200783,2013-02-13,"NOH vs. POR","NOH","POR",9
"Regular Season","2012-13",21200784,2013-02-13,"UTA @ MIN","UTA","MIN",10
"Regular Season","2012-13",21200785,2013-02-13,"DAL vs. SAC","DAL","SAC",11
"Regular Season","2012-13",21200786,2013-02-13,"HOU @ LAC","LAC","HOU",12
"Regular Season","2012-13",21200787,2013-02-14,"MIA @ OKC","MIA","OKC",1
"Regular Season","2012-13",21200788,2013-02-14,"LAL vs. LAC","LAC","LAL",2
"Regular Season","2012-13",21200789,2013-02-19,"TOR @ WAS","TOR","WAS",1
"Regular Season","2012-13",21200790,2013-02-19,"ORL vs. CHA","CHA","ORL",2
"Regular Season","2012-13",21200791,2013-02-19,"BKN vs. MIL","BKN","MIL",3
"Regular Season","2012-13",21200792,2013-02-19,"MEM @ DET","MEM","DET",4
"Regular Season","2012-13",21200793,2013-02-19,"NOH vs. CHI","CHI","NOH",5
"Regular Season","2012-13",21200794,2013-02-19,"DEN vs. BOS","DEN","BOS",6
"Regular Season","2012-13",21200795,2013-02-19,"GSW @ UTA","UTA","GSW",7
"Regular Season","2012-13",21200796,2013-02-19,"SAC vs. SAS","SAS","SAC",8
"Regular Season","2012-13",21200797,2013-02-19,"PHX @ POR","PHX","POR",9
"Regular Season","2012-13",21200798,2013-02-20,"TOR vs. MEM","MEM","TOR",1
"Regular Season","2012-13",21200799,2013-02-20,"CHA vs. DET","DET","CHA",2
"Regular Season","2012-13",21200800,2013-02-20,"CLE vs. NOH","CLE","NOH",3
"Regular Season","2012-13",21200801,2013-02-20,"NYK @ IND","IND","NYK",4
"Regular Season","2012-13",21200802,2013-02-20,"ATL vs. MIA","MIA","ATL",5
"Regular Season","2012-13",21200803,2013-02-20,"MIL vs. BKN","BKN","MIL",6
"Regular Season","2012-13",21200804,2013-02-20,"HOU vs. OKC","HOU","OKC",7
"Regular Season","2012-13",21200805,2013-02-20,"PHI @ MIN","MIN","PHI",8
"Regular Season","2012-13",21200806,2013-02-20,"ORL @ DAL","DAL","ORL",9
"Regular Season","2012-13",21200807,2013-02-20,"LAL vs. BOS","LAL","BOS",10
"Regular Season","2012-13",21200808,2013-02-20,"GSW vs. PHX","GSW","PHX",11
"Regular Season","2012-13",21200809,2013-02-21,"MIA @ CHI","MIA","CHI",1
"Regular Season","2012-13",21200810,2013-02-21,"SAS @ LAC","SAS","LAC",2
"Regular Season","2012-13",21200811,2013-02-22,"NYK @ TOR","TOR","NYK",1
"Regular Season","2012-13",21200812,2013-02-22,"DEN @ WAS","WAS","DEN",2
"Regular Season","2012-13",21200813,2013-02-22,"CHI @ CHA","CHI","CHA",3
"Regular Season","2012-13",21200814,2013-02-22,"IND vs. DET","IND","DET",4
"Regular Season","2012-13",21200815,2013-02-22,"HOU @ BKN","HOU","BKN",5
"Regular Season","2012-13",21200816,2013-02-22,"SAC @ ATL","ATL","SAC",6
"Regular Season","2012-13",21200817,2013-02-22,"ORL @ MEM","MEM","ORL",7
"Regular Season","2012-13",21200818,2013-02-22,"NOH vs. DAL","DAL","NOH",8
"Regular Season","2012-13",21200819,2013-02-22,"MIN @ OKC","OKC","MIN",9
"Regular Season","2012-13",21200820,2013-02-22,"BOS @ PHX","BOS","PHX",10
"Regular Season","2012-13",21200821,2013-02-22,"LAL vs. POR","LAL","POR",11
"Regular Season","2012-13",21200822,2013-02-22,"SAS @ GSW","GSW","SAS",12
"Regular Season","2012-13",21200823,2013-02-23,"WAS vs. HOU","WAS","HOU",1
"Regular Season","2012-13",21200824,2013-02-23,"CHA vs. DEN","DEN","CHA",2
"Regular Season","2012-13",21200825,2013-02-23,"CLE @ ORL","CLE","ORL",3
"Regular Season","2012-13",21200826,2013-02-23,"PHI vs. MIA","MIA","PHI",4
"Regular Season","2012-13",21200827,2013-02-23,"DET vs. IND","IND","DET",5
"Regular Season","2012-13",21200828,2013-02-23,"ATL @ MIL","ATL","MIL",6
"Regular Season","2012-13",21200829,2013-02-23,"UTA @ LAC","LAC","UTA",7
"Regular Season","2012-13",21200830,2013-02-24,"LAL @ DAL","LAL","DAL",1
"Regular Season","2012-13",21200831,2013-02-24,"BKN vs. MEM","MEM","BKN",2
"Regular Season","2012-13",21200832,2013-02-24,"GSW @ MIN","GSW","MIN",3
"Regular Season","2012-13",21200833,2013-02-24,"CLE @ MIA","MIA","CLE",4
"Regular Season","2012-13",21200834,2013-02-24,"SAC @ NOH","NOH","SAC",5
"Regular Season","2012-13",21200835,2013-02-24,"NYK vs. PHI","NYK","PHI",6
"Regular Season","2012-13",21200836,2013-02-24,"SAS @ PHX","SAS","PHX",7
"Regular Season","2012-13",21200837,2013-02-24,"BOS @ POR","POR","BOS",8
"Regular Season","2012-13",21200838,2013-02-24,"CHI @ OKC","OKC","CHI",9
"Regular Season","2012-13",21200839,2013-02-25,"WAS @ TOR","WAS","TOR",1
"Regular Season","2012-13",21200840,2013-02-25,"DET vs. ATL","ATL","DET",2
"Regular Season","2012-13",21200841,2013-02-25,"DEN vs. LAL","DEN","LAL",3
"Regular Season","2012-13",21200842,2013-02-25,"UTA vs. BOS","BOS","UTA",4
"Regular Season","2012-13",21200843,2013-02-26,"PHI vs. ORL","ORL","PHI",1
"Regular Season","2012-13",21200844,2013-02-26,"IND vs. GSW","IND","GSW",2
"Regular Season","2012-13",21200845,2013-02-26,"MIA vs. SAC","MIA","SAC",3
"Regular Season","2012-13",21200846,2013-02-26,"CHI vs. CLE","CLE","CHI",4
"Regular Season","2012-13",21200847,2013-02-26,"NOH vs. BKN","BKN","NOH",5
"Regular Season","2012-13",21200848,2013-02-26,"MIL @ DAL","MIL","DAL",6
"Regular Season","2012-13",21200849,2013-02-26,"MIN @ PHX","PHX","MIN",7
"Regular Season","2012-13",21200850,2013-02-26,"LAC vs. CHA","LAC","CHA",8
"Regular Season","2012-13",21200851,2013-02-27,"SAC @ ORL","SAC","ORL",1
"Regular Season","2012-13",21200852,2013-02-27,"CLE vs. TOR","CLE","TOR",2
"Regular Season","2012-13",21200853,2013-02-27,"NYK vs. GSW","NYK","GSW",3
"Regular Season","2012-13",21200854,2013-02-27,"WAS vs. DET","DET","WAS",4
"Regular Season","2012-13",21200855,2013-02-27,"MEM vs. DAL","MEM","DAL",5
"Regular Season","2012-13",21200856,2013-02-27,"MIL @ HOU","MIL","HOU",6
"Regular Season","2012-13",21200857,2013-02-27,"OKC vs. NOH","OKC","NOH",7
"Regular Season","2012-13",21200858,2013-02-27,"PHX @ SAS","PHX","SAS",8
"Regular Season","2012-13",21200859,2013-02-27,"ATL @ UTA","ATL","UTA",9
"Regular Season","2012-13",21200860,2013-02-27,"DEN @ POR","DEN","POR",10
"Regular Season","2012-13",21200861,2013-02-28,"LAC @ IND","LAC","IND",1
"Regular Season","2012-13",21200862,2013-02-28,"CHI vs. PHI","CHI","PHI",2
"Regular Season","2012-13",21200863,2013-02-28,"MIN @ LAL","LAL","MIN",3
"Regular Season","2012-13",21200864,2013-03-01,"IND @ TOR","IND","TOR",1
"Regular Season","2012-13",21200865,2013-03-01,"NYK @ WAS","NYK","WAS",2
"Regular Season","2012-13",21200866,2013-03-01,"HOU @ ORL","HOU","ORL",3
"Regular Season","2012-13",21200867,2013-03-01,"BOS vs. GSW","BOS","GSW",4
"Regular Season","2012-13",21200868,2013-03-01,"MIA vs. MEM","MIA","MEM",5
"Regular Season","2012-13",21200869,2013-03-01,"CLE vs. LAC","LAC","CLE",6
"Regular Season","2012-13",21200870,2013-03-01,"BKN vs. DAL","DAL","BKN",7
"Regular Season","2012-13",21200871,2013-03-01,"DET @ NOH","NOH","DET",8
"Regular Season","2012-13",21200872,2013-03-01,"SAS vs. SAC","SAS","SAC",9
"Regular Season","2012-13",21200873,2013-03-01,"UTA vs. CHA","UTA","CHA",10
"Regular Season","2012-13",21200874,2013-03-01,"PHX vs. ATL","PHX","ATL",11
"Regular Season","2012-13",21200875,2013-03-01,"OKC @ DEN","DEN","OKC",12
"Regular Season","2012-13",21200876,2013-03-02,"GSW @ PHI","PHI","GSW",1
"Regular Season","2012-13",21200877,2013-03-02,"BKN @ CHI","CHI","BKN",2
"Regular Season","2012-13",21200878,2013-03-02,"MIL vs. TOR","MIL","TOR",3
"Regular Season","2012-13",21200879,2013-03-02,"MIN @ POR","POR","MIN",4
"Regular Season","2012-13",21200880,2013-03-03,"NYK vs. MIA","MIA","NYK",1
"Regular Season","2012-13",21200881,2013-03-03,"OKC @ LAC","OKC","LAC",2
"Regular Season","2012-13",21200882,2013-03-03,"PHI @ WAS","WAS","PHI",3
"Regular Season","2012-13",21200883,2013-03-03,"MEM @ ORL","MEM","ORL",4
"Regular Season","2012-13",21200884,2013-03-03,"SAC vs. CHA","SAC","CHA",5
"Regular Season","2012-13",21200885,2013-03-03,"DAL @ HOU","HOU","DAL",6
"Regular Season","2012-13",21200886,2013-03-03,"SAS vs. DET","SAS","DET",7
"Regular Season","2012-13",21200887,2013-03-03,"CHI @ IND","IND","CHI",8
"Regular Season","2012-13",21200888,2013-03-03,"LAL vs. ATL","LAL","ATL",9
"Regular Season","2012-13",21200889,2013-03-04,"CLE vs. NYK","NYK","CLE",1
"Regular Season","2012-13",21200890,2013-03-04,"MIL vs. UTA","MIL","UTA",2
"Regular Season","2012-13",21200891,2013-03-04,"ORL @ NOH","ORL","NOH",3
"Regular Season","2012-13",21200892,2013-03-04,"MIA @ MIN","MIA","MIN",4
"Regular Season","2012-13",21200893,2013-03-04,"ATL @ DEN","DEN","ATL",5
"Regular Season","2012-13",21200894,2013-03-04,"CHA @ POR","POR","CHA",6
"Regular Season","2012-13",21200895,2013-03-04,"TOR @ GSW","GSW","TOR",7
"Regular Season","2012-13",21200896,2013-03-05,"PHI vs. BOS","BOS","PHI",1
"Regular Season","2012-13",21200897,2013-03-05,"OKC vs. LAL","OKC","LAL",2
"Regular Season","2012-13",21200898,2013-03-05,"SAC vs. DEN","DEN","SAC",3
"Regular Season","2012-13",21200899,2013-03-06,"CHA vs. BKN","BKN","CHA",1
"Regular Season","2012-13",21200900,2013-03-06,"UTA @ CLE","CLE","UTA",2
"Regular Season","2012-13",21200901,2013-03-06,"BOS @ IND","BOS","IND",3
"Regular Season","2012-13",21200902,2013-03-06,"PHI @ ATL","ATL","PHI",4
"Regular Season","2012-13",21200903,2013-03-06,"MIA vs. ORL","MIA","ORL",5
"Regular Season","2012-13",21200904,2013-03-06,"DET vs. NYK","NYK","DET",6
"Regular Season","2012-13",21200905,2013-03-06,"MEM vs. POR","MEM","POR",7
"Regular Season","2012-13",21200906,2013-03-06,"LAL @ NOH","LAL","NOH",8
"Regular Season","2012-13",21200907,2013-03-06,"WAS @ MIN","MIN","WAS",9
"Regular Season","2012-13",21200908,2013-03-06,"HOU @ DAL","DAL","HOU",10
"Regular Season","2012-13",21200909,2013-03-06,"SAS vs. CHI","SAS","CHI",11
"Regular Season","2012-13",21200910,2013-03-06,"PHX vs. TOR","TOR","PHX",12
"Regular Season","2012-13",21200911,2013-03-06,"LAC vs. MIL","LAC","MIL",13
"Regular Season","2012-13",21200912,2013-03-06,"SAC @ GSW","GSW","SAC",14
"Regular Season","2012-13",21200913,2013-03-07,"NYK vs. OKC","OKC","NYK",1
"Regular Season","2012-13",21200914,2013-03-07,"LAC @ DEN","DEN","LAC",2
"Regular Season","2012-13",21200915,2013-03-08,"OKC @ CHA","OKC","CHA",1
"Regular Season","2012-13",21200916,2013-03-08,"ORL vs. IND","IND","ORL",2
"Regular Season","2012-13",21200917,2013-03-08,"ATL @ BOS","BOS","ATL",3
"Regular Season","2012-13",21200918,2013-03-08,"BKN vs. WAS","BKN","WAS",4
"Regular Season","2012-13",21200919,2013-03-08,"DAL @ DET","DAL","DET",5
"Regular Season","2012-13",21200920,2013-03-08,"MEM @ CLE","MEM","CLE",6
"Regular Season","2012-13",21200921,2013-03-08,"PHI @ MIA","MIA","PHI",7
"Regular Season","2012-13",21200922,2013-03-08,"CHI vs. UTA","CHI","UTA",8
"Regular Season","2012-13",21200923,2013-03-08,"POR @ SAS","POR","SAS",9
"Regular Season","2012-13",21200924,2013-03-08,"PHX @ SAC","SAC","PHX",10
"Regular Season","2012-13",21200925,2013-03-08,"LAL vs. TOR","LAL","TOR",11
"Regular Season","2012-13",21200926,2013-03-08,"GSW vs. HOU","HOU","GSW",12
"Regular Season","2012-13",21200927,2013-03-09,"ATL vs. BKN","BKN","ATL",1
"Regular Season","2012-13",21200928,2013-03-09,"NYK vs. UTA","NYK","UTA",2
"Regular Season","2012-13",21200929,2013-03-09,"WAS vs. CHA","WAS","CHA",3
"Regular Season","2012-13",21200930,2013-03-09,"MEM vs. NOH","MEM","NOH",4
"Regular Season","2012-13",21200931,2013-03-09,"MIN @ DEN","DEN","MIN",5
"Regular Season","2012-13",21200932,2013-03-09,"PHX vs. HOU","PHX","HOU",6
"Regular Season","2012-13",21200933,2013-03-09,"GSW vs. MIL","MIL","GSW",7
"Regular Season","2012-13",21200934,2013-03-10,"OKC vs. BOS","OKC","BOS",1
"Regular Season","2012-13",21200935,2013-03-10,"LAL vs. CHI","LAL","CHI",2
"Regular Season","2012-13",21200936,2013-03-10,"CLE @ TOR","TOR","CLE",3
"Regular Season","2012-13",21200937,2013-03-10,"ORL vs. PHI","ORL","PHI",4
"Regular Season","2012-13",21200938,2013-03-10,"MIA vs. IND","MIA","IND",5
"Regular Season","2012-13",21200939,2013-03-10,"NOH vs. POR","NOH","POR",6
"Regular Season","2012-13",21200940,2013-03-10,"MIN vs. DAL","DAL","MIN",7
"Regular Season","2012-13",21200941,2013-03-10,"MIL @ SAC","MIL","SAC",8
"Regular Season","2012-13",21200942,2013-03-10,"DET @ LAC","LAC","DET",9
"Regular Season","2012-13",21200943,2013-03-11,"PHI vs. BKN","PHI","BKN",1
"Regular Season","2012-13",21200944,2013-03-11,"OKC @ SAS","SAS","OKC",2
"Regular Season","2012-13",21200945,2013-03-11,"UTA vs. DET","UTA","DET",3
"Regular Season","2012-13",21200946,2013-03-11,"PHX vs. DEN","DEN","PHX",4
"Regular Season","2012-13",21200947,2013-03-11,"GSW vs. NYK","GSW","NYK",5
"Regular Season","2012-13",21200948,2013-03-12,"BOS @ CHA","CHA","BOS",1
"Regular Season","2012-13",21200949,2013-03-12,"LAL @ ORL","LAL","ORL",2
"Regular Season","2012-13",21200950,2013-03-12,"WAS @ CLE","CLE","WAS",3
"Regular Season","2012-13",21200951,2013-03-12,"BKN vs. NOH","BKN","NOH",4
"Regular Season","2012-13",21200952,2013-03-12,"ATL @ MIA","MIA","ATL",5
"Regular Season","2012-13",21200953,2013-03-12,"MIL vs. DAL","DAL","MIL",6
"Regular Season","2012-13",21200954,2013-03-12,"SAS @ MIN","MIN","SAS",7
"Regular Season","2012-13",21200955,2013-03-12,"POR vs. MEM","MEM","POR",8
"Regular Season","2012-13",21200956,2013-03-13,"PHI vs. MIA","MIA","PHI",1
"Regular Season","2012-13",21200957,2013-03-13,"WAS vs. MIL","WAS","MIL",2
"Regular Season","2012-13",21200958,2013-03-13,"MIN @ IND","IND","MIN",3
"Regular Season","2012-13",21200959,2013-03-13,"BOS vs. TOR","BOS","TOR",4
"Regular Season","2012-13",21200960,2013-03-13,"ATL vs. LAL","ATL","LAL",5
"Regular Season","2012-13",21200961,2013-03-13,"PHX @ HOU","HOU","PHX",6
"Regular Season","2012-13",21200962,2013-03-13,"UTA @ OKC","OKC","UTA",7
"Regular Season","2012-13",21200963,2013-03-13,"CHI @ SAC","SAC","CHI",8
"Regular Season","2012-13",21200964,2013-03-13,"NYK @ DEN","DEN","NYK",9
"Regular Season","2012-13",21200965,2013-03-13,"MEM @ LAC","MEM","LAC",10
"Regular Season","2012-13",21200966,2013-03-13,"DET @ GSW","GSW","DET",11
"Regular Season","2012-13",21200967,2013-03-14,"SAS vs. DAL","SAS","DAL",1
"Regular Season","2012-13",21200968,2013-03-14,"NYK @ POR","POR","NYK",2
"Regular Season","2012-13",21200969,2013-03-15,"CHA @ TOR","TOR","CHA",1
"Regular Season","2012-13",21200970,2013-03-15,"WAS vs. NOH","WAS","NOH",2
"Regular Season","2012-13",21200971,2013-03-15,"LAL @ IND","LAL","IND",3
"Regular Season","2012-13",21200972,2013-03-15,"PHX @ ATL","ATL","PHX",4
"Regular Season","2012-13",21200973,2013-03-15,"MIN @ HOU","HOU","MIN",5
"Regular Season","2012-13",21200974,2013-03-15,"OKC vs. ORL","OKC","ORL",6
"Regular Season","2012-13",21200975,2013-03-15,"MIL vs. MIA","MIA","MIL",7
"Regular Season","2012-13",21200976,2013-03-15,"DAL vs. CLE","DAL","CLE",8
"Regular Season","2012-13",21200977,2013-03-15,"MEM @ DEN","DEN","MEM",9
"Regular Season","2012-13",21200978,2013-03-15,"CHI @ GSW","CHI","GSW",10
"Regular Season","2012-13",21200979,2013-03-16,"PHX @ WAS","WAS","PHX",1
"Regular Season","2012-13",21200980,2013-03-16,"CHA @ BOS","BOS","CHA",2
"Regular Season","2012-13",21200981,2013-03-16,"PHI vs. IND","PHI","IND",3
"Regular Season","2012-13",21200982,2013-03-16,"SAS vs. CLE","SAS","CLE",4
"Regular Season","2012-13",21200983,2013-03-16,"UTA vs. MEM","UTA","MEM",5
"Regular Season","2012-13",21200984,2013-03-16,"POR vs. DET","POR","DET",6
"Regular Season","2012-13",21200985,2013-03-17,"MIA @ TOR","MIA","TOR",1
"Regular Season","2012-13",21200986,2013-03-17,"MIL vs. ORL","MIL","ORL",2
"Regular Season","2012-13",21200987,2013-03-17,"LAC vs. NYK","LAC","NYK",3
"Regular Season","2012-13",21200988,2013-03-17,"HOU vs. GSW","GSW","HOU",4
"Regular Season","2012-13",21200989,2013-03-17,"MIN vs. NOH","MIN","NOH",5
"Regular Season","2012-13",21200990,2013-03-17,"OKC @ DAL","OKC","DAL",6
"Regular Season","2012-13",21200991,2013-03-17,"BKN vs. ATL","ATL","BKN",7
"Regular Season","2012-13",21200992,2013-03-17,"LAL vs. SAC","LAL","SAC",8
"Regular Season","2012-13",21200993,2013-03-18,"PHI vs. POR","PHI","POR",1
"Regular Season","2012-13",21200994,2013-03-18,"WAS @ CHA","CHA","WAS",2
"Regular Season","2012-13",21200995,2013-03-18,"CLE vs. IND","IND","CLE",3
"Regular Season","2012-13",21200996,2013-03-18,"ATL vs. DAL","DAL","ATL",4
"Regular Season","2012-13",21200997,2013-03-18,"BKN @ DET","BKN","DET",5
"Regular Season","2012-13",21200998,2013-03-18,"BOS vs. MIA","MIA","BOS",6
"Regular Season","2012-13",21200999,2013-03-18,"DEN @ CHI","DEN","CHI",7
"Regular Season","2012-13",21201000,2013-03-18,"MEM vs. MIN","MEM","MIN",8
"Regular Season","2012-13",21201001,2013-03-18,"GSW @ NOH","GSW","NOH",9
"Regular Season","2012-13",21201002,2013-03-18,"LAL @ PHX","PHX","LAL",10
"Regular Season","2012-13",21201003,2013-03-18,"NYK @ UTA","NYK","UTA",11
"Regular Season","2012-13",21201004,2013-03-19,"ORL @ IND","IND","ORL",1
"Regular Season","2012-13",21201005,2013-03-19,"MIL vs. POR","MIL","POR",2
"Regular Season","2012-13",21201006,2013-03-19,"DEN @ OKC","DEN","OKC",3
"Regular Season","2012-13",21201007,2013-03-19,"SAC vs. LAC","SAC","LAC",4
"Regular Season","2012-13",21201008,2013-03-20,"TOR @ CHA","CHA","TOR",1
"Regular Season","2012-13",21201009,2013-03-20,"MIA @ CLE","MIA","CLE",2
"Regular Season","2012-13",21201010,2013-03-20,"NYK vs. ORL","NYK","ORL",3
"Regular Season","2012-13",21201011,2013-03-20,"ATL vs. MIL","ATL","MIL",4
"Regular Season","2012-13",21201012,2013-03-20,"MEM vs. OKC","MEM","OKC",5
"Regular Season","2012-13",21201013,2013-03-20,"BOS @ NOH","NOH","BOS",6
"Regular Season","2012-13",21201014,2013-03-20,"HOU vs. UTA","HOU","UTA",7
"Regular Season","2012-13",21201015,2013-03-20,"DAL vs. BKN","BKN","DAL",8
"Regular Season","2012-13",21201016,2013-03-20,"SAS vs. GSW","SAS","GSW",9
"Regular Season","2012-13",21201017,2013-03-20,"WAS @ PHX","WAS","PHX",10
"Regular Season","2012-13",21201018,2013-03-20,"LAC vs. PHI","LAC","PHI",11
"Regular Season","2012-13",21201019,2013-03-21,"POR @ CHI","POR","CHI",1
"Regular Season","2012-13",21201020,2013-03-21,"PHI @ DEN","DEN","PHI",2
"Regular Season","2012-13",21201021,2013-03-21,"SAC vs. MIN","SAC","MIN",3
"Regular Season","2012-13",21201022,2013-03-22,"TOR vs. NYK","NYK","TOR",1
"Regular Season","2012-13",21201023,2013-03-22,"OKC @ ORL","OKC","ORL",2
"Regular Season","2012-13",21201024,2013-03-22,"MIL @ IND","IND","MIL",3
"Regular Season","2012-13",21201025,2013-03-22,"ATL vs. POR","POR","ATL",4
"Regular Season","2012-13",21201026,2013-03-22,"DET @ MIA","MIA","DET",5
"Regular Season","2012-13",21201027,2013-03-22,"MEM @ NOH","NOH","MEM",6
"Regular Season","2012-13",21201028,2013-03-22,"CLE @ HOU","HOU","CLE",7
"Regular Season","2012-13",21201029,2013-03-22,"DAL vs. BOS","DAL","BOS",8
"Regular Season","2012-13",21201030,2013-03-22,"SAS vs. UTA","SAS","UTA",9
"Regular Season","2012-13",21201031,2013-03-22,"MIN @ PHX","MIN","PHX",10
"Regular Season","2012-13",21201032,2013-03-22,"LAL vs. WAS","WAS","LAL",11
"Regular Season","2012-13",21201033,2013-03-23,"DET @ CHA","DET","CHA",1
"Regular Season","2012-13",21201034,2013-03-23,"NYK vs. TOR","NYK","TOR",2
"Regular Season","2012-13",21201035,2013-03-23,"CHI vs. IND","CHI","IND",3
"Regular Season","2012-13",21201036,2013-03-23,"MEM vs. BOS","MEM","BOS",4
"Regular Season","2012-13",21201037,2013-03-23,"DEN vs. SAC","DEN","SAC",5
"Regular Season","2012-13",21201038,2013-03-23,"LAC vs. BKN","LAC","BKN",6
"Regular Season","2012-13",21201039,2013-03-23,"GSW vs. WAS","GSW","WAS",7
"Regular Season","2012-13",21201040,2013-03-24,"MIL vs. ATL","ATL","MIL",1
"Regular Season","2012-13",21201041,2013-03-24,"CHA @ MIA","MIA","CHA",2
"Regular Season","2012-13",21201042,2013-03-24,"HOU vs. SAS","HOU","SAS",3
"Regular Season","2012-13",21201043,2013-03-24,"OKC vs. POR","OKC","POR",4
"Regular Season","2012-13",21201044,2013-03-24,"CHI @ MIN","CHI","MIN",5
"Regular Season","2012-13",21201045,2013-03-24,"UTA @ DAL","DAL","UTA",6
"Regular Season","2012-13",21201046,2013-03-24,"PHX vs. BKN","BKN","PHX",7
"Regular Season","2012-13",21201047,2013-03-24,"PHI @ SAC","PHI","SAC",8
"Regular Season","2012-13",21201048,2013-03-25,"MEM @ WAS","WAS","MEM",1
"Regular Season","2012-13",21201049,2013-03-25,"ORL vs. MIA","MIA","ORL",2
"Regular Season","2012-13",21201050,2013-03-25,"IND vs. ATL","IND","ATL",3
"Regular Season","2012-13",21201051,2013-03-25,"NOH vs. DEN","NOH","DEN",4
"Regular Season","2012-13",21201052,2013-03-25,"PHI @ UTA","UTA","PHI",5
"Regular Season","2012-13",21201053,2013-03-25,"LAL @ GSW","GSW","LAL",6
"Regular Season","2012-13",21201054,2013-03-26,"BOS vs. NYK","NYK","BOS",1
"Regular Season","2012-13",21201055,2013-03-26,"DET vs. MIN","MIN","DET",2
"Regular Season","2012-13",21201056,2013-03-26,"LAC @ DAL","DAL","LAC",3
"Regular Season","2012-13",21201057,2013-03-27,"ATL @ TOR","ATL","TOR",1
"Regular Season","2012-13",21201058,2013-03-27,"PHI vs. MIL","PHI","MIL",2
"Regular Season","2012-13",21201059,2013-03-27,"ORL @ CHA","CHA","ORL",3
"Regular Season","2012-13",21201060,2013-03-27,"CLE vs. BOS","BOS","CLE",4
"Regular Season","2012-13",21201061,2013-03-27,"NYK vs. MEM","NYK","MEM",5
"Regular Season","2012-13",21201062,2013-03-27,"CHI vs. MIA","CHI","MIA",6
"Regular Season","2012-13",21201063,2013-03-27,"NOH vs. LAC","LAC","NOH",7
"Regular Season","2012-13",21201064,2013-03-27,"HOU vs. IND","IND","HOU",8
"Regular Season","2012-13",21201065,2013-03-27,"OKC vs. WAS","OKC","WAS",9
"Regular Season","2012-13",21201066,2013-03-27,"LAL @ MIN","LAL","MIN",10
"Regular Season","2012-13",21201067,2013-03-27,"DEN @ SAS","SAS","DEN",11
"Regular Season","2012-13",21201068,2013-03-27,"UTA vs. PHX","UTA","PHX",12
"Regular Season","2012-13",21201069,2013-03-27,"GSW vs. SAC","SAC","GSW",13
"Regular Season","2012-13",21201070,2013-03-27,"BKN @ POR","BKN","POR",14
"Regular Season","2012-13",21201071,2013-03-28,"LAL @ MIL","MIL","LAL",1
"Regular Season","2012-13",21201072,2013-03-28,"DAL vs. IND","IND","DAL",2
"Regular Season","2012-13",21201073,2013-03-28,"SAC @ PHX","SAC","PHX",3
"Regular Season","2012-13",21201074,2013-03-29,"WAS @ ORL","ORL","WAS",1
"Regular Season","2012-13",21201075,2013-03-29,"ATL @ BOS","BOS","ATL",2
"Regular Season","2012-13",21201076,2013-03-29,"NYK vs. CHA","NYK","CHA",3
"Regular Season","2012-13",21201077,2013-03-29,"TOR @ DET","TOR","DET",4
"Regular Season","2012-13",21201078,2013-03-29,"CLE vs. PHI","PHI","CLE",5
"Regular Season","2012-13",21201079,2013-03-29,"HOU @ MEM","MEM","HOU",6
"Regular Season","2012-13",21201080,2013-03-29,"NOH vs. MIA","MIA","NOH",7
"Regular Season","2012-13",21201081,2013-03-29,"OKC @ MIN","MIN","OKC",8
"Regular Season","2012-13",21201082,2013-03-29,"SAS vs. LAC","SAS","LAC",9
"Regular Season","2012-13",21201083,2013-03-29,"BKN @ DEN","DEN","BKN",10
"Regular Season","2012-13",21201084,2013-03-29,"UTA @ POR","UTA","POR",11
"Regular Season","2012-13",21201085,2013-03-30,"DAL vs. CHI","DAL","CHI",1
"Regular Season","2012-13",21201086,2013-03-30,"ATL vs. ORL","ATL","ORL",2
"Regular Season","2012-13",21201087,2013-03-30,"PHI vs. CHA","PHI","CHA",3
"Regular Season","2012-13",21201088,2013-03-30,"LAC @ HOU","HOU","LAC",4
"Regular Season","2012-13",21201089,2013-03-30,"MIN vs. MEM","MEM","MIN",5
"Regular Season","2012-13",21201090,2013-03-30,"MIL vs. OKC","OKC","MIL",6
"Regular Season","2012-13",21201091,2013-03-30,"UTA vs. BKN","UTA","BKN",7
"Regular Season","2012-13",21201092,2013-03-30,"IND @ PHX","IND","PHX",8
"Regular Season","2012-13",21201093,2013-03-30,"LAL @ SAC","LAL","SAC",9
"Regular Season","2012-13",21201094,2013-03-30,"GSW vs. POR","GSW","POR",10
"Regular Season","2012-13",21201095,2013-03-31,"TOR @ WAS","WAS","TOR",1
"Regular Season","2012-13",21201096,2013-03-31,"CLE @ NOH","NOH","CLE",2
"Regular Season","2012-13",21201097,2013-03-31,"DET @ CHI","CHI","DET",3
"Regular Season","2012-13",21201098,2013-03-31,"SAS vs. MIA","MIA","SAS",4
"Regular Season","2012-13",21201099,2013-03-31,"BOS @ NYK","NYK","BOS",5
"Regular Season","2012-13",21201100,2013-04-01,"DET @ TOR","DET","TOR",1
"Regular Season","2012-13",21201101,2013-04-01,"CLE @ ATL","ATL","CLE",2
"Regular Season","2012-13",21201102,2013-04-01,"MIL vs. CHA","MIL","CHA",3
"Regular Season","2012-13",21201103,2013-04-01,"MEM vs. SAS","MEM","SAS",4
"Regular Season","2012-13",21201104,2013-04-01,"HOU vs. ORL","HOU","ORL",5
"Regular Season","2012-13",21201105,2013-04-01,"MIN vs. BOS","MIN","BOS",6
"Regular Season","2012-13",21201106,2013-04-01,"UTA vs. POR","UTA","POR",7
"Regular Season","2012-13",21201107,2013-04-01,"LAC vs. IND","IND","LAC",8
"Regular Season","2012-13",21201108,2013-04-02,"WAS vs. CHI","WAS","CHI",1
"Regular Season","2012-13",21201109,2013-04-02,"MIA vs. NYK","NYK","MIA",2
"Regular Season","2012-13",21201110,2013-04-02,"DAL @ LAL","LAL","DAL",3
"Regular Season","2012-13",21201111,2013-04-03,"TOR vs. WAS","TOR","WAS",1
"Regular Season","2012-13",21201112,2013-04-03,"CHA vs. PHI","CHA","PHI",2
"Regular Season","2012-13",21201113,2013-04-03,"ATL vs. NYK","NYK","ATL",3
"Regular Season","2012-13",21201114,2013-04-03,"BKN @ CLE","BKN","CLE",4
"Regular Season","2012-13",21201115,2013-04-03,"DET @ BOS","BOS","DET",5
"Regular Season","2012-13",21201116,2013-04-03,"MIL vs. MIN","MIN","MIL",6
"Regular Season","2012-13",21201117,2013-04-03,"SAS vs. ORL","SAS","ORL",7
"Regular Season","2012-13",21201118,2013-04-03,"DEN @ UTA","DEN","UTA",8
"Regular Season","2012-13",21201119,2013-04-03,"HOU @ SAC","HOU","SAC",9
"Regular Season","2012-13",21201120,2013-04-03,"MEM @ POR","MEM","POR",10
"Regular Season","2012-13",21201121,2013-04-03,"PHX @ LAC","LAC","PHX",11
"Regular Season","2012-13",21201122,2013-04-03,"NOH @ GSW","GSW","NOH",12
"Regular Season","2012-13",21201123,2013-04-04,"CHI @ BKN","CHI","BKN",1
"Regular Season","2012-13",21201124,2013-04-04,"DAL @ DEN","DEN","DAL",2
"Regular Season","2012-13",21201125,2013-04-04,"SAS @ OKC","OKC","SAS",3
"Regular Season","2012-13",21201126,2013-04-05,"CHA vs. MIA","MIA","CHA",1
"Regular Season","2012-13",21201127,2013-04-05,"CLE @ BOS","CLE","BOS",2
"Regular Season","2012-13",21201128,2013-04-05,"NYK vs. MIL","NYK","MIL",3
"Regular Season","2012-13",21201129,2013-04-05,"ATL vs. PHI","PHI","ATL",4
"Regular Season","2012-13",21201130,2013-04-05,"OKC @ IND","OKC","IND",5
"Regular Season","2012-13",21201131,2013-04-05,"ORL @ CHI","CHI","ORL",6
"Regular Season","2012-13",21201132,2013-04-05,"TOR @ MIN","TOR","MIN",7
"Regular Season","2012-13",21201133,2013-04-05,"NOH @ UTA","UTA","NOH",8
"Regular Season","2012-13",21201134,2013-04-05,"PHX vs. GSW","GSW","PHX",9
"Regular Season","2012-13",21201135,2013-04-05,"SAC vs. DAL","DAL","SAC",10
"Regular Season","2012-13",21201136,2013-04-05,"POR vs. HOU","HOU","POR",11
"Regular Season","2012-13",21201137,2013-04-05,"MEM @ LAL","LAL","MEM",12
"Regular Season","2012-13",21201138,2013-04-06,"WAS vs. IND","WAS","IND",1
"Regular Season","2012-13",21201139,2013-04-06,"CHA @ BKN","BKN","CHA",2
"Regular Season","2012-13",21201140,2013-04-06,"PHI @ MIA","MIA","PHI",3
"Regular Season","2012-13",21201141,2013-04-06,"MIN vs. DET","MIN","DET",4
"Regular Season","2012-13",21201142,2013-04-06,"TOR @ MIL","MIL","TOR",5
"Regular Season","2012-13",21201143,2013-04-06,"SAS vs. ATL","SAS","ATL",6
"Regular Season","2012-13",21201144,2013-04-06,"HOU @ DEN","DEN","HOU",7
"Regular Season","2012-13",21201145,2013-04-07,"NYK @ OKC","NYK","OKC",1
"Regular Season","2012-13",21201146,2013-04-07,"LAL @ LAC","LAC","LAL",2
"Regular Season","2012-13",21201147,2013-04-07,"BOS vs. WAS","BOS","WAS",3
"Regular Season","2012-13",21201148,2013-04-07,"ORL @ CLE","CLE","ORL",4
"Regular Season","2012-13",21201149,2013-04-07,"SAC vs. MEM","MEM","SAC",5
"Regular Season","2012-13",21201150,2013-04-07,"DET vs. CHI","DET","CHI",6
"Regular Season","2012-13",21201151,2013-04-07,"UTA @ GSW","UTA","GSW",7
"Regular Season","2012-13",21201152,2013-04-07,"PHX vs. NOH","NOH","PHX",8
"Regular Season","2012-13",21201153,2013-04-07,"POR vs. DAL","DAL","POR",9
"Regular Season","2012-13",21201154,2013-04-09,"CLE @ IND","IND","CLE",1
"Regular Season","2012-13",21201155,2013-04-09,"PHI @ BKN","BKN","PHI",2
"Regular Season","2012-13",21201156,2013-04-09,"WAS @ NYK","NYK","WAS",3
"Regular Season","2012-13",21201157,2013-04-09,"MIA vs. MIL","MIA","MIL",4
"Regular Season","2012-13",21201158,2013-04-09,"CHI vs. TOR","TOR","CHI",5
"Regular Season","2012-13",21201159,2013-04-09,"MEM vs. CHA","MEM","CHA",6
"Regular Season","2012-13",21201160,2013-04-09,"HOU vs. PHX","HOU","PHX",7
"Regular Season","2012-13",21201161,2013-04-09,"UTA vs. OKC","OKC","UTA",8
"Regular Season","2012-13",21201162,2013-04-09,"NOH @ LAL","LAL","NOH",9
"Regular Season","2012-13",21201163,2013-04-09,"GSW vs. MIN","GSW","MIN",10
"Regular Season","2012-13",21201164,2013-04-10,"ATL @ PHI","ATL","PHI",1
"Regular Season","2012-13",21201165,2013-04-10,"MIA @ WAS","MIA","WAS",2
"Regular Season","2012-13",21201166,2013-04-10,"ORL vs. MIL","ORL","MIL",3
"Regular Season","2012-13",21201167,2013-04-10,"DET @ CLE","DET","CLE",4
"Regular Season","2012-13",21201168,2013-04-10,"BOS vs. BKN","BKN","BOS",5
"Regular Season","2012-13",21201169,2013-04-10,"DAL vs. PHX","PHX","DAL",6
"Regular Season","2012-13",21201170,2013-04-10,"SAC vs. NOH","SAC","NOH",7
"Regular Season","2012-13",21201171,2013-04-10,"POR vs. LAL","LAL","POR",8
"Regular Season","2012-13",21201172,2013-04-10,"SAS @ DEN","DEN","SAS",9
"Regular Season","2012-13",21201173,2013-04-10,"LAC vs. MIN","LAC","MIN",10
"Regular Season","2012-13",21201174,2013-04-11,"CHI vs. NYK","CHI","NYK",1
"Regular Season","2012-13",21201175,2013-04-11,"GSW vs. OKC","OKC","GSW",2
"Regular Season","2012-13",21201176,2013-04-12,"CHI @ TOR","TOR","CHI",1
"Regular Season","2012-13",21201177,2013-04-12,"PHI @ WAS","PHI","WAS",2
"Regular Season","2012-13",21201178,2013-04-12,"BKN @ IND","BKN","IND",3
"Regular Season","2012-13",21201179,2013-04-12,"ATL vs. MIL","ATL","MIL",4
"Regular Season","2012-13",21201180,2013-04-12,"BOS @ MIA","MIA","BOS",5
"Regular Season","2012-13",21201181,2013-04-12,"CHA @ DET","DET","CHA",6
"Regular Season","2012-13",21201182,2013-04-12,"CLE vs. NYK","NYK","CLE",7
"Regular Season","2012-13",21201183,2013-04-12,"LAC @ NOH","LAC","NOH",8
"Regular Season","2012-13",21201184,2013-04-12,"HOU vs. MEM","MEM","HOU",9
"Regular Season","2012-13",21201185,2013-04-12,"DAL vs. DEN","DAL","DEN",10
"Regular Season","2012-13",21201186,2013-04-12,"SAC @ SAS","SAS","SAC",11
"Regular Season","2012-13",21201187,2013-04-12,"MIN @ UTA","UTA","MIN",12
"Regular Season","2012-13",21201188,2013-04-12,"OKC @ POR","OKC","POR",13
"Regular Season","2012-13",21201189,2013-04-12,"LAL vs. GSW","LAL","GSW",14
"Regular Season","2012-13",21201190,2013-04-13,"CHA vs. MIL","CHA","MIL",1
"Regular Season","2012-13",21201191,2013-04-13,"ORL vs. BOS","BOS","ORL",2
"Regular Season","2012-13",21201192,2013-04-13,"LAC @ MEM","LAC","MEM",3
"Regular Season","2012-13",21201193,2013-04-13,"PHX @ MIN","MIN","PHX",4
"Regular Season","2012-13",21201194,2013-04-14,"CHI @ MIA","MIA","CHI",1
"Regular Season","2012-13",21201195,2013-04-14,"BKN @ TOR","TOR","BKN",2
"Regular Season","2012-13",21201196,2013-04-14,"NYK vs. IND","NYK","IND",3
"Regular Season","2012-13",21201197,2013-04-14,"PHI vs. CLE","PHI","CLE",4
"Regular Season","2012-13",21201198,2013-04-14,"POR @ DEN","DEN","POR",5
"Regular Season","2012-13",21201199,2013-04-14,"NOH vs. DAL","DAL","NOH",6
"Regular Season","2012-13",21201200,2013-04-14,"SAC @ HOU","HOU","SAC",7
"Regular Season","2012-13",21201201,2013-04-14,"LAL vs. SAS","LAL","SAS",8
"Regular Season","2012-13",21201202,2013-04-15,"CHA vs. NYK","CHA","NYK",1
"Regular Season","2012-13",21201203,2013-04-15,"ORL vs. CHI","CHI","ORL",2
"Regular Season","2012-13",21201204,2013-04-15,"MIA @ CLE","MIA","CLE",3
"Regular Season","2012-13",21201205,2013-04-15,"BKN vs. WAS","BKN","WAS",4
"Regular Season","2012-13",21201206,2013-04-15,"PHI @ DET","DET","PHI",5
"Regular Season","2012-13",21201207,2013-04-15,"DEN @ MIL","DEN","MIL",6
"Regular Season","2012-13",21201208,2013-04-15,"DAL vs. MEM","MEM","DAL",7
"Regular Season","2012-13",21201209,2013-04-15,"SAC @ OKC","OKC","SAC",8
"Regular Season","2012-13",21201210,2013-04-15,"UTA @ MIN","UTA","MIN",9
"Regular Season","2012-13",21201211,2013-04-15,"PHX vs. HOU","PHX","HOU",10
"Regular Season","2012-13",21201212,2013-04-15,"SAS @ GSW","GSW","SAS",11
"Regular Season","2012-13",21201213,2013-04-16,"ATL vs. TOR","TOR","ATL",1
"Regular Season","2012-13",21201214,2013-04-16,"IND @ BOS","BOS","BOS",2
"Regular Season","2012-13",21201215,2013-04-16,"LAC vs. POR","LAC","POR",3
"Regular Season","2012-13",21201216,2013-04-17,"BOS @ TOR","TOR","BOS",1
"Regular Season","2012-13",21201217,2013-04-17,"BKN vs. DET","BKN","DET",2
"Regular Season","2012-13",21201218,2013-04-17,"ATL @ NYK","NYK","ATL",3
"Regular Season","2012-13",21201219,2013-04-17,"CHA vs. CLE","CHA","CLE",4
"Regular Season","2012-13",21201220,2013-04-17,"MIA vs. ORL","MIA","ORL",5
"Regular Season","2012-13",21201221,2013-04-17,"IND vs. PHI","PHI","IND",6
"Regular Season","2012-13",21201222,2013-04-17,"WAS @ CHI","CHI","WAS",7
"Regular Season","2012-13",21201223,2013-04-17,"UTA @ MEM","MEM","UTA",8
"Regular Season","2012-13",21201224,2013-04-17,"DAL vs. NOH","DAL","NOH",9
"Regular Season","2012-13",21201225,2013-04-17,"MIN @ SAS","MIN","SAS",10
"Regular Season","2012-13",21201226,2013-04-17,"OKC vs. MIL","MIL","OKC",11
"Regular Season","2012-13",21201227,2013-04-17,"DEN vs. PHX","DEN","PHX",12
"Regular Season","2012-13",21201228,2013-04-17,"LAL vs. HOU","LAL","HOU",13
"Regular Season","2012-13",21201229,2013-04-17,"SAC vs. LAC","LAC","SAC",14
"Regular Season","2012-13",21201230,2013-04-17,"POR vs. GSW","GSW","POR",15
