Date,Team,Season,Month,Week,Opponent,Visitor,City,Win,Distance,Route,Rest,TZ,shift,direction,Latitude,Longitude,B2B,b2b_2nd,b2b_1st,three_in_four,four_in_five,five_in_seven,flight_duration,game_id,matchup,score_diff,traveling_west,traveling_east,avg_score_diff,adjusted_score_diff,w,l,w_lpercent,ps_g,pa_g,opp_win_percent,win_percent_diff
2020-08-05,Boston Celtics,2019-20,Aug,32,Brooklyn Nets,FALSE,Orlando,TRUE,0,No Travel,0,America/New_York,0,-,28.5,-81.37,TRUE,FALSE,TRUE,TRUE,FALSE,FALSE,0,21901267,BOS vs. BKN,34,FALSE,FALSE,6.954545454545454,27.045454545454547,45,23,0.662,113.6,107.5,0.471,0.19100000000000006
2020-08-05,Brooklyn Nets,2019-20,Aug,32,Boston Celtics,TRUE,Orlando,FALSE,0,No Travel,0,America/New_York,0,-,28.5,-81.37,TRUE,FALSE,TRUE,TRUE,FALSE,FALSE,0,21901267,BKN @ BOS,-34,FALSE,FALSE,-9.222222222222221,-24.77777777777778,32,36,0.471,111.2,112.3,0.662,-0.19100000000000006
2020-08-05,Denver Nuggets,2019-20,Aug,32,San Antonio Spurs,TRUE,Orlando,TRUE,0,No Travel,1,America/New_York,0,-,28.5,-81.37,TRUE,TRUE,FALSE,FALSE,FALSE,FALSE,0,21901264,DEN @ SAS,6,FALSE,FALSE,-2.76,8.76,45,23,0.662,110.8,108.1,0.433,0.22900000000000004
2020-08-05,Los Angeles Lakers,2019-20,Aug,32,Oklahoma City Thunder,FALSE,Orlando,FALSE,0,No Travel,1,America/New_York,0,-,28.5,-81.37,TRUE,TRUE,FALSE,FALSE,FALSE,FALSE,0,21901265,LAL vs. OKC,-19,FALSE,FALSE,3.576923076923077,-22.576923076923077,51,16,0.761,113.4,106.8,0.627,0.134
2020-08-05,Memphis Grizzlies,2019-20,Aug,32,Utah Jazz,TRUE,Orlando,FALSE,0,No Travel,1,America/New_York,0,-,28.5,-81.37,FALSE,FALSE,FALSE,TRUE,FALSE,FALSE,0,21901262,MEM @ UTA,-9,FALSE,FALSE,1.8,-10.8,32,37,0.464,112.7,114.1,0.632,-0.16799999999999998
2020-08-05,Oklahoma City Thunder,2019-20,Aug,32,Los Angeles Lakers,TRUE,Orlando,TRUE,0,No Travel,1,America/New_York,0,-,28.5,-81.37,FALSE,FALSE,FALSE,FALSE,FALSE,FALSE,0,21901265,OKC @ LAL,19,FALSE,FALSE,-5.153846153846154,24.153846153846153,42,25,0.627,110.7,108,0.761,-0.134
2020-08-05,Orlando Magic,2019-20,Aug,32,Toronto Raptors,FALSE,Orlando,FALSE,0,No Travel,0,America/New_York,0,-,28.5,-81.37,TRUE,FALSE,TRUE,TRUE,FALSE,FALSE,0,21901266,ORL vs. TOR,-10,FALSE,FALSE,-7.2,-2.8,32,37,0.464,107,107.8,0.731,-0.26699999999999996
2020-08-05,Philadelphia 76ers,2019-20,Aug,32,Washington Wizards,TRUE,Orlando,TRUE,0,No Travel,1,America/New_York,0,-,28.5,-81.37,FALSE,FALSE,FALSE,FALSE,FALSE,FALSE,0,21901263,PHI @ WAS,9,FALSE,FALSE,-1.3,10.3,41,27,0.603,110,107.9,0.353,0.25
2020-08-05,San Antonio Spurs,2019-20,Aug,32,Denver Nuggets,FALSE,Orlando,FALSE,0,No Travel,1,America/New_York,0,-,28.5,-81.37,FALSE,FALSE,FALSE,TRUE,FALSE,FALSE,0,21901264,SAS vs. DEN,-6,FALSE,FALSE,4.6,-10.6,29,38,0.433,113.8,115.4,0.662,-0.22900000000000004
2020-08-05,Toronto Raptors,2019-20,Aug,32,Orlando Magic,TRUE,Orlando,TRUE,0,No Travel,1,America/New_York,0,-,28.5,-81.37,FALSE,FALSE,FALSE,FALSE,FALSE,FALSE,0,21901266,TOR @ ORL,10,FALSE,FALSE,3.6470588235294117,6.352941176470589,49,18,0.731,112.7,106.1,0.464,0.26699999999999996
2020-08-05,Utah Jazz,2019-20,Aug,32,Memphis Grizzlies,FALSE,Orlando,TRUE,0,No Travel,1,America/New_York,0,-,28.5,-81.37,FALSE,FALSE,FALSE,FALSE,FALSE,FALSE,0,21901262,UTA vs. MEM,9,FALSE,FALSE,1.75,7.25,43,25,0.632,110.9,108.1,0.464,0.16799999999999998
2020-08-05,Washington Wizards,2019-20,Aug,32,Philadelphia 76ers,FALSE,Orlando,FALSE,0,No Travel,1,America/New_York,0,-,28.5,-81.37,FALSE,FALSE,FALSE,TRUE,FALSE,FALSE,0,21901263,WAS vs. PHI,-9,FALSE,FALSE,-9,0,24,44,0.353,115,119.4,0.603,-0.25
2020-08-06,Dallas Mavericks,2019-20,Aug,32,Los Angeles Clippers,FALSE,Orlando,FALSE,0,No Travel,1,America/New_York,0,-,28.5,-81.37,FALSE,FALSE,FALSE,FALSE,FALSE,FALSE,0,21901271,DAL vs. LAC,-15,FALSE,FALSE,-8.181818181818182,-6.818181818181818,41,30,0.577,116.7,111.2,0.676,-0.09900000000000009
2020-08-06,Denver Nuggets,2019-20,Aug,32,Portland Trail Blazers,FALSE,Orlando,FALSE,0,No Travel,0,America/New_York,0,-,28.5,-81.37,TRUE,FALSE,TRUE,TRUE,FALSE,FALSE,0,21901272,DEN vs. POR,-10,FALSE,FALSE,-2.76,-7.24,45,24,0.652,110.9,108.3,0.457,0.195
2020-08-06,Houston Rockets,2019-20,Aug,32,Los Angeles Lakers,FALSE,Orlando,TRUE,0,No Travel,1,America/New_York,0,-,28.5,-81.37,FALSE,FALSE,FALSE,FALSE,FALSE,FALSE,0,21901273,HOU vs. LAL,16,FALSE,FALSE,-1.0588235294117647,17.058823529411764,43,25,0.632,118.4,114.6,0.75,-0.118
2020-08-06,Indiana Pacers,2019-20,Aug,32,Phoenix Suns,TRUE,Orlando,FALSE,0,No Travel,1,America/New_York,0,-,28.5,-81.37,FALSE,FALSE,FALSE,TRUE,FALSE,FALSE,0,21901270,IND @ PHX,-15,FALSE,FALSE,-5.888888888888889,-9.11111111111111,42,27,0.609,109.6,107.6,0.435,0.174
2020-08-06,Los Angeles Lakers,2019-20,Aug,32,Houston Rockets,TRUE,Orlando,FALSE,0,No Travel,0,America/New_York,0,-,28.5,-81.37,TRUE,FALSE,TRUE,TRUE,FALSE,FALSE,0,21901273,LAL @ HOU,-16,FALSE,FALSE,3.576923076923077,-19.576923076923077,51,17,0.75,113.2,106.9,0.632,0.118
2020-08-06,Miami Heat,2019-20,Aug,32,Milwaukee Bucks,TRUE,Orlando,FALSE,0,No Travel,1,America/New_York,0,-,28.5,-81.37,FALSE,FALSE,FALSE,TRUE,FALSE,FALSE,0,21901269,MIA @ MIL,-14,FALSE,FALSE,0.9615384615384616,-14.961538461538462,43,26,0.623,112.3,109.1,0.797,-0.17400000000000004
2020-08-06,Milwaukee Bucks,2019-20,Aug,32,Miami Heat,FALSE,Orlando,TRUE,0,No Travel,1,America/New_York,0,-,28.5,-81.37,FALSE,FALSE,FALSE,FALSE,FALSE,FALSE,0,21901269,MIL vs. MIA,14,FALSE,FALSE,0.9333333333333333,13.066666666666666,55,14,0.797,118.7,107.9,0.623,0.17400000000000004
2020-08-06,New Orleans Pelicans,2019-20,Aug,32,Sacramento Kings,TRUE,Orlando,FALSE,0,No Travel,2,America/New_York,0,-,28.5,-81.37,TRUE,TRUE,FALSE,FALSE,FALSE,FALSE,0,21901268,NOP @ SAC,-15,FALSE,FALSE,-5,-10,29,39,0.426,115.8,117.1,0.426,0
2020-08-06,Phoenix Suns,2019-20,Aug,32,Indiana Pacers,FALSE,Orlando,TRUE,0,No Travel,1,America/New_York,0,-,28.5,-81.37,FALSE,FALSE,FALSE,FALSE,FALSE,FALSE,0,21901270,PHX vs. IND,15,FALSE,FALSE,17.6,-2.6000000000000014,30,39,0.435,112.9,113.7,0.609,-0.174
2020-08-06,Portland Trail Blazers,2019-20,Aug,32,Denver Nuggets,TRUE,Orlando,TRUE,0,No Travel,1,America/New_York,0,-,28.5,-81.37,FALSE,FALSE,FALSE,FALSE,FALSE,FALSE,0,21901272,POR @ DEN,10,FALSE,FALSE,-4.1,14.1,32,38,0.457,114.3,115.5,0.652,-0.195
2020-08-06,Sacramento Kings,2019-20,Aug,32,New Orleans Pelicans,FALSE,Orlando,TRUE,0,No Travel,1,America/New_York,0,-,28.5,-81.37,TRUE,TRUE,FALSE,FALSE,FALSE,FALSE,0,21901268,SAC vs. NOP,15,FALSE,FALSE,1,14,29,39,0.426,109.7,111.7,0.426,0
2020-08-07,Boston Celtics,2019-20,Aug,32,Toronto Raptors,TRUE,Orlando,TRUE,0,No Travel,1,America/New_York,0,-,28.5,-81.37,FALSE,FALSE,FALSE,TRUE,FALSE,FALSE,0,21901279,BOS @ TOR,22,FALSE,FALSE,6.954545454545454,15.045454545454547,46,23,0.667,113.8,107.3,0.721,-0.05399999999999994
2020-08-07,Brooklyn Nets,2019-20,Aug,32,Sacramento Kings,FALSE,Orlando,TRUE,0,No Travel,1,America/New_York,0,-,28.5,-81.37,FALSE,FALSE,FALSE,TRUE,FALSE,FALSE,0,21901276,BKN vs. SAC,13,FALSE,FALSE,-9.222222222222221,22.22222222222222,33,36,0.478,111.3,112.2,0.42,0.057999999999999996
2020-08-07,Memphis Grizzlies,2019-20,Aug,32,Oklahoma City Thunder,FALSE,Orlando,TRUE,0,No Travel,1,America/New_York,0,-,28.5,-81.37,FALSE,FALSE,FALSE,FALSE,FALSE,FALSE,0,21901275,MEM vs. OKC,29,FALSE,FALSE,1.8,27.2,33,37,0.471,112.8,113.8,0.618,-0.14700000000000002
2020-08-07,New Orleans Pelicans,2019-20,Aug,32,Washington Wizards,FALSE,Orlando,TRUE,0,No Travel,0,America/New_York,0,-,28.5,-81.37,TRUE,FALSE,TRUE,FALSE,FALSE,FALSE,0,21901278,NOP vs. WAS,11,FALSE,FALSE,-5,16,30,39,0.435,115.9,116.9,0.348,0.08700000000000002
2020-08-07,Oklahoma City Thunder,2019-20,Aug,32,Memphis Grizzlies,TRUE,Orlando,FALSE,0,No Travel,1,America/New_York,0,-,28.5,-81.37,FALSE,FALSE,FALSE,FALSE,FALSE,FALSE,0,21901275,OKC @ MEM,-29,FALSE,FALSE,-5.153846153846154,-23.846153846153847,42,26,0.618,110.4,108.1,0.471,0.14700000000000002
2020-08-07,Orlando Magic,2019-20,Aug,32,Philadelphia 76ers,TRUE,Orlando,FALSE,0,No Travel,1,America/New_York,0,-,28.5,-81.37,FALSE,FALSE,FALSE,TRUE,FALSE,FALSE,0,21901277,ORL @ PHI,-7,FALSE,FALSE,-7.2,0.20000000000000018,32,38,0.457,106.9,107.8,0.609,-0.15199999999999997
2020-08-07,Philadelphia 76ers,2019-20,Aug,32,Orlando Magic,FALSE,Orlando,TRUE,0,No Travel,1,America/New_York,0,-,28.5,-81.37,FALSE,FALSE,FALSE,FALSE,FALSE,FALSE,0,21901277,PHI vs. ORL,7,FALSE,FALSE,-1.3,8.3,42,27,0.609,110,107.8,0.457,0.15199999999999997
2020-08-07,Sacramento Kings,2019-20,Aug,32,Brooklyn Nets,TRUE,Orlando,FALSE,0,No Travel,0,America/New_York,0,-,28.5,-81.37,TRUE,FALSE,TRUE,TRUE,FALSE,FALSE,0,21901276,SAC @ BKN,-13,FALSE,FALSE,1,-14,29,40,0.42,109.7,111.8,0.478,-0.057999999999999996
2020-08-07,San Antonio Spurs,2019-20,Aug,32,Utah Jazz,FALSE,Orlando,TRUE,0,No Travel,1,America/New_York,0,-,28.5,-81.37,FALSE,FALSE,FALSE,FALSE,FALSE,FALSE,0,21901274,SAS vs. UTA,8,FALSE,FALSE,4.6,3.4000000000000004,30,38,0.441,113.8,115.3,0.623,-0.182
2020-08-07,Toronto Raptors,2019-20,Aug,32,Boston Celtics,FALSE,Orlando,FALSE,0,No Travel,1,America/New_York,0,-,28.5,-81.37,FALSE,FALSE,FALSE,FALSE,FALSE,FALSE,0,21901279,TOR vs. BOS,-22,FALSE,FALSE,3.6470588235294117,-25.647058823529413,49,19,0.721,112.6,106.4,0.667,0.05399999999999994
2020-08-07,Utah Jazz,2019-20,Aug,32,San Antonio Spurs,TRUE,Orlando,FALSE,0,No Travel,1,America/New_York,0,-,28.5,-81.37,TRUE,TRUE,FALSE,FALSE,FALSE,FALSE,0,21901274,UTA @ SAS,-8,FALSE,FALSE,1.75,-9.75,43,26,0.623,110.9,108.2,0.441,0.182
2020-08-07,Washington Wizards,2019-20,Aug,32,New Orleans Pelicans,TRUE,Orlando,FALSE,0,No Travel,1,America/New_York,0,-,28.5,-81.37,FALSE,FALSE,FALSE,FALSE,FALSE,FALSE,0,21901278,WAS @ NOP,-11,FALSE,FALSE,-9,-2,24,45,0.348,114.9,119.4,0.435,-0.08700000000000002
2020-08-08,Dallas Mavericks,2019-20,Aug,32,Milwaukee Bucks,FALSE,Orlando,TRUE,0,No Travel,1,America/New_York,0,-,28.5,-81.37,FALSE,FALSE,FALSE,FALSE,FALSE,FALSE,0,21901284,DAL vs. MIL,4,FALSE,FALSE,-8.181818181818182,12.181818181818182,42,30,0.583,117,111.5,0.786,-0.20300000000000007
2020-08-08,Denver Nuggets,2019-20,Aug,32,Utah Jazz,FALSE,Orlando,TRUE,0,No Travel,1,America/New_York,0,-,28.5,-81.37,FALSE,FALSE,FALSE,TRUE,FALSE,FALSE,0,21901281,DEN vs. UTA,2,FALSE,FALSE,-2.76,4.76,46,24,0.657,111.2,108.6,0.614,0.04300000000000004
2020-08-08,Indiana Pacers,2019-20,Aug,32,Los Angeles Lakers,FALSE,Orlando,TRUE,0,No Travel,1,America/New_York,0,-,28.5,-81.37,FALSE,FALSE,FALSE,FALSE,FALSE,FALSE,0,21901282,IND vs. LAL,5,FALSE,FALSE,-5.888888888888889,10.88888888888889,43,27,0.614,109.7,107.7,0.739,-0.125
2020-08-08,Los Angeles Lakers,2019-20,Aug,32,Indiana Pacers,TRUE,Orlando,FALSE,0,No Travel,1,America/New_York,0,-,28.5,-81.37,FALSE,FALSE,FALSE,TRUE,FALSE,FALSE,0,21901282,LAL @ IND,-5,FALSE,FALSE,3.576923076923077,-8.576923076923077,51,18,0.739,113.2,107,0.614,0.125
2020-08-08,Miami Heat,2019-20,Aug,32,Phoenix Suns,FALSE,Orlando,FALSE,0,No Travel,1,America/New_York,0,-,28.5,-81.37,FALSE,FALSE,FALSE,FALSE,FALSE,FALSE,0,21901283,MIA vs. PHX,-7,FALSE,FALSE,0.9615384615384616,-7.961538461538462,43,27,0.614,112.3,109.2,0.443,0.17099999999999999
2020-08-08,Milwaukee Bucks,2019-20,Aug,32,Dallas Mavericks,TRUE,Orlando,FALSE,0,No Travel,1,America/New_York,0,-,28.5,-81.37,FALSE,FALSE,FALSE,FALSE,FALSE,FALSE,0,21901284,MIL @ DAL,-4,FALSE,FALSE,0.9333333333333333,-4.933333333333334,55,15,0.786,118.9,108.3,0.583,0.20300000000000007
2020-08-08,Phoenix Suns,2019-20,Aug,32,Miami Heat,TRUE,Orlando,TRUE,0,No Travel,1,America/New_York,0,-,28.5,-81.37,FALSE,FALSE,FALSE,FALSE,FALSE,FALSE,0,21901283,PHX @ MIA,7,FALSE,FALSE,17.6,-10.600000000000001,31,39,0.443,113,113.7,0.614,-0.17099999999999999
2020-08-08,Portland Trail Blazers,2019-20,Aug,32,Los Angeles Clippers,FALSE,Orlando,FALSE,0,No Travel,1,America/New_York,0,-,28.5,-81.37,TRUE,TRUE,FALSE,FALSE,FALSE,FALSE,0,21901280,POR vs. LAC,-5,FALSE,FALSE,-4.1,-0.9000000000000004,32,39,0.451,114.3,115.6,0.681,-0.23000000000000004
2020-08-08,Utah Jazz,2019-20,Aug,32,Denver Nuggets,TRUE,Orlando,FALSE,0,No Travel,0,America/New_York,0,-,28.5,-81.37,TRUE,FALSE,TRUE,TRUE,FALSE,FALSE,0,21901281,UTA @ DEN,-2,FALSE,FALSE,1.75,-3.75,43,27,0.614,111.2,108.6,0.657,-0.04300000000000004
2020-08-09,Boston Celtics,2019-20,Aug,32,Orlando Magic,FALSE,Orlando,TRUE,0,No Travel,1,America/New_York,0,-,28.5,-81.37,FALSE,FALSE,FALSE,FALSE,FALSE,FALSE,0,21901288,BOS vs. ORL,3,FALSE,FALSE,6.954545454545454,-3.954545454545454,47,23,0.671,113.9,107.5,0.451,0.22000000000000003
2020-08-09,Brooklyn Nets,2019-20,Aug,32,Los Angeles Clippers,TRUE,Orlando,TRUE,0,No Travel,1,America/New_York,0,-,28.5,-81.37,FALSE,FALSE,FALSE,FALSE,FALSE,FALSE,0,21901291,BKN @ LAC,9,FALSE,FALSE,-9.222222222222221,18.22222222222222,34,36,0.486,111.5,112.3,0.671,-0.18500000000000005
2020-08-09,Houston Rockets,2019-20,Aug,32,Sacramento Kings,TRUE,Orlando,TRUE,0,No Travel,2,America/New_York,0,-,28.5,-81.37,FALSE,FALSE,FALSE,FALSE,FALSE,FALSE,0,21901290,HOU @ SAC,17,FALSE,FALSE,-1.0588235294117647,18.058823529411764,44,25,0.638,118.5,114.6,0.414,0.22400000000000003
2020-08-09,Memphis Grizzlies,2019-20,Aug,32,Toronto Raptors,TRUE,Orlando,FALSE,0,No Travel,1,America/New_York,0,-,28.5,-81.37,FALSE,FALSE,FALSE,FALSE,FALSE,FALSE,0,21901286,MEM @ TOR,-9,FALSE,FALSE,1.8,-10.8,33,38,0.465,112.6,113.7,0.725,-0.25999999999999995
2020-08-09,New Orleans Pelicans,2019-20,Aug,32,San Antonio Spurs,FALSE,Orlando,FALSE,0,No Travel,1,America/New_York,0,-,28.5,-81.37,FALSE,FALSE,FALSE,TRUE,FALSE,FALSE,0,21901287,NOP vs. SAS,-9,FALSE,FALSE,-5,-4,30,40,0.429,115.8,117,0.449,-0.020000000000000018
2020-08-09,Oklahoma City Thunder,2019-20,Aug,32,Washington Wizards,FALSE,Orlando,TRUE,0,No Travel,1,America/New_York,0,-,28.5,-81.37,TRUE,TRUE,FALSE,FALSE,FALSE,FALSE,0,21901285,OKC vs. WAS,18,FALSE,FALSE,-5.153846153846154,23.153846153846153,43,26,0.623,110.6,108.1,0.343,0.27999999999999997
2020-08-09,Orlando Magic,2019-20,Aug,32,Boston Celtics,TRUE,Orlando,FALSE,0,No Travel,1,America/New_York,0,-,28.5,-81.37,FALSE,FALSE,FALSE,FALSE,FALSE,FALSE,0,21901288,ORL @ BOS,-3,FALSE,FALSE,-7.2,4.2,32,39,0.451,107.1,108,0.671,-0.22000000000000003
2020-08-09,Philadelphia 76ers,2019-20,Aug,32,Portland Trail Blazers,TRUE,Orlando,FALSE,0,No Travel,1,America/New_York,0,-,28.5,-81.37,FALSE,FALSE,FALSE,FALSE,FALSE,FALSE,0,21901289,PHI @ POR,-3,FALSE,FALSE,-1.3,-1.7,42,28,0.6,110.2,108,0.458,0.14199999999999996
2020-08-09,Portland Trail Blazers,2019-20,Aug,32,Philadelphia 76ers,FALSE,Orlando,TRUE,0,No Travel,0,America/New_York,0,-,28.5,-81.37,TRUE,FALSE,TRUE,TRUE,FALSE,FALSE,0,21901289,POR vs. PHI,3,FALSE,FALSE,-4.1,7.1,33,39,0.458,114.4,115.7,0.6,-0.14199999999999996
2020-08-09,Sacramento Kings,2019-20,Aug,32,Houston Rockets,FALSE,Orlando,FALSE,0,No Travel,1,America/New_York,0,-,28.5,-81.37,FALSE,FALSE,FALSE,TRUE,FALSE,FALSE,0,21901290,SAC vs. HOU,-17,FALSE,FALSE,1,-18,29,41,0.414,109.7,112.1,0.638,-0.22400000000000003
2020-08-09,San Antonio Spurs,2019-20,Aug,32,New Orleans Pelicans,TRUE,Orlando,TRUE,0,No Travel,1,America/New_York,0,-,28.5,-81.37,FALSE,FALSE,FALSE,FALSE,FALSE,FALSE,0,21901287,SAS @ NOP,9,FALSE,FALSE,4.6,4.4,31,38,0.449,114,115.3,0.429,0.020000000000000018
2020-08-09,Toronto Raptors,2019-20,Aug,32,Memphis Grizzlies,FALSE,Orlando,TRUE,0,No Travel,1,America/New_York,0,-,28.5,-81.37,TRUE,TRUE,FALSE,FALSE,FALSE,FALSE,0,21901286,TOR vs. MEM,9,FALSE,FALSE,3.6470588235294117,5.352941176470589,50,19,0.725,112.5,106.3,0.465,0.25999999999999995
2020-08-09,Washington Wizards,2019-20,Aug,32,Oklahoma City Thunder,TRUE,Orlando,FALSE,0,No Travel,1,America/New_York,0,-,28.5,-81.37,FALSE,FALSE,FALSE,FALSE,FALSE,FALSE,0,21901285,WAS @ OKC,-18,FALSE,FALSE,-9,-9,24,46,0.343,114.7,119.4,0.623,-0.27999999999999997
2020-08-10,Dallas Mavericks,2019-20,Aug,32,Utah Jazz,TRUE,Orlando,TRUE,0,No Travel,1,America/New_York,0,-,28.5,-81.37,TRUE,TRUE,FALSE,FALSE,FALSE,FALSE,0,21901293,DAL @ UTA,8,FALSE,FALSE,-8.181818181818182,16.18181818181818,43,30,0.589,117,111.5,0.606,-0.017000000000000015
2020-08-10,Denver Nuggets,2019-20,Aug,32,Los Angeles Lakers,TRUE,Orlando,FALSE,0,No Travel,1,America/New_York,0,-,28.5,-81.37,FALSE,FALSE,FALSE,FALSE,FALSE,FALSE,0,21901296,DEN @ LAL,-3,FALSE,FALSE,-2.76,-0.2400000000000002,46,25,0.648,111.3,108.9,0.743,-0.09499999999999997
2020-08-10,Indiana Pacers,2019-20,Aug,32,Miami Heat,TRUE,Orlando,FALSE,0,No Travel,1,America/New_York,0,-,28.5,-81.37,FALSE,FALSE,FALSE,FALSE,FALSE,FALSE,0,21901295,IND @ MIA,-22,FALSE,FALSE,-5.888888888888889,-16.11111111111111,43,28,0.606,109.5,107.7,0.62,-0.014000000000000012
2020-08-10,Los Angeles Lakers,2019-20,Aug,32,Denver Nuggets,FALSE,Orlando,TRUE,0,No Travel,1,America/New_York,0,-,28.5,-81.37,FALSE,FALSE,FALSE,FALSE,FALSE,FALSE,0,21901296,LAL vs. DEN,3,FALSE,FALSE,3.576923076923077,-0.5769230769230771,52,18,0.743,113.3,107.2,0.648,0.09499999999999997
2020-08-10,Miami Heat,2019-20,Aug,32,Indiana Pacers,FALSE,Orlando,TRUE,0,No Travel,1,America/New_York,0,-,28.5,-81.37,FALSE,FALSE,FALSE,FALSE,FALSE,FALSE,0,21901295,MIA vs. IND,22,FALSE,FALSE,0.9615384615384616,21.03846153846154,44,27,0.62,112.3,109,0.606,0.014000000000000012
2020-08-10,Milwaukee Bucks,2019-20,Aug,32,Toronto Raptors,FALSE,Orlando,FALSE,0,No Travel,1,America/New_York,0,-,28.5,-81.37,TRUE,TRUE,FALSE,FALSE,FALSE,FALSE,0,21901294,MIL vs. TOR,-8,FALSE,FALSE,0.9333333333333333,-8.933333333333334,55,16,0.775,118.7,108.4,0.729,0.04600000000000004
2020-08-10,Oklahoma City Thunder,2019-20,Aug,32,Phoenix Suns,TRUE,Orlando,FALSE,0,No Travel,0,America/New_York,0,-,28.5,-81.37,TRUE,FALSE,TRUE,TRUE,FALSE,FALSE,0,21901292,OKC @ PHX,-27,FALSE,FALSE,-5.153846153846154,-21.846153846153847,43,27,0.614,110.4,108.4,0.451,0.16299999999999998
2020-08-10,Phoenix Suns,2019-20,Aug,32,Oklahoma City Thunder,FALSE,Orlando,TRUE,0,No Travel,1,America/New_York,0,-,28.5,-81.37,TRUE,TRUE,FALSE,FALSE,FALSE,FALSE,0,21901292,PHX vs. OKC,27,FALSE,FALSE,17.6,9.399999999999999,32,39,0.451,113.2,113.5,0.614,-0.16299999999999998
2020-08-10,Toronto Raptors,2019-20,Aug,32,Milwaukee Bucks,TRUE,Orlando,TRUE,0,No Travel,0,America/New_York,0,-,28.5,-81.37,TRUE,FALSE,TRUE,TRUE,FALSE,FALSE,0,21901294,TOR @ MIL,8,FALSE,FALSE,3.6470588235294117,4.352941176470589,51,19,0.729,112.5,106.3,0.775,-0.04600000000000004
2020-08-10,Utah Jazz,2019-20,Aug,32,Dallas Mavericks,FALSE,Orlando,FALSE,0,No Travel,1,America/New_York,0,-,28.5,-81.37,FALSE,FALSE,FALSE,TRUE,FALSE,FALSE,0,21901293,UTA vs. DAL,-8,FALSE,FALSE,1.75,-9.75,43,28,0.606,111.2,108.8,0.589,0.017000000000000015
2020-08-11,Boston Celtics,2019-20,Aug,32,Memphis Grizzlies,TRUE,Orlando,TRUE,0,No Travel,1,America/New_York,0,-,28.5,-81.37,FALSE,FALSE,FALSE,FALSE,FALSE,FALSE,0,21901301,BOS @ MEM,15,FALSE,FALSE,6.954545454545454,8.045454545454547,48,23,0.676,114,107.5,0.458,0.21800000000000003
2020-08-11,Brooklyn Nets,2019-20,Aug,32,Orlando Magic,TRUE,Orlando,TRUE,0,No Travel,1,America/New_York,0,-,28.5,-81.37,FALSE,FALSE,FALSE,FALSE,FALSE,FALSE,0,21901297,BKN @ ORL,12,FALSE,FALSE,-9.222222222222221,21.22222222222222,35,36,0.493,111.5,112,0.444,0.04899999999999999
2020-08-11,Dallas Mavericks,2019-20,Aug,32,Portland Trail Blazers,FALSE,Orlando,FALSE,0,No Travel,0,America/New_York,0,-,28.5,-81.37,TRUE,FALSE,TRUE,TRUE,FALSE,FALSE,0,21901300,DAL vs. POR,-3,FALSE,FALSE,-8.181818181818182,5.181818181818182,43,31,0.581,117.2,111.9,0.466,0.11499999999999994
2020-08-11,Houston Rockets,2019-20,Aug,32,San Antonio Spurs,TRUE,Orlando,FALSE,0,No Travel,1,America/New_York,0,-,28.5,-81.37,TRUE,TRUE,FALSE,FALSE,FALSE,FALSE,0,21901298,HOU @ SAS,-18,FALSE,FALSE,-1.0588235294117647,-16.941176470588236,44,26,0.629,118.3,114.7,0.457,0.172
2020-08-11,Memphis Grizzlies,2019-20,Aug,32,Boston Celtics,FALSE,Orlando,FALSE,0,No Travel,1,America/New_York,0,-,28.5,-81.37,FALSE,FALSE,FALSE,FALSE,FALSE,FALSE,0,21901301,MEM vs. BOS,-15,FALSE,FALSE,1.8,-16.8,33,39,0.458,112.5,113.8,0.676,-0.21800000000000003
2020-08-11,Milwaukee Bucks,2019-20,Aug,32,Washington Wizards,TRUE,Orlando,TRUE,0,No Travel,0,America/New_York,0,-,28.5,-81.37,TRUE,FALSE,TRUE,TRUE,FALSE,FALSE,0,21901303,MIL @ WAS,13,FALSE,FALSE,0.9333333333333333,12.066666666666666,56,16,0.778,118.8,108.4,0.338,0.44
2020-08-11,New Orleans Pelicans,2019-20,Aug,32,Sacramento Kings,TRUE,Orlando,FALSE,0,No Travel,1,America/New_York,0,-,28.5,-81.37,FALSE,FALSE,FALSE,FALSE,FALSE,FALSE,0,21901302,NOP @ SAC,-6,FALSE,FALSE,-5,-1,30,41,0.423,115.7,116.9,0.423,0
2020-08-11,Orlando Magic,2019-20,Aug,32,Brooklyn Nets,FALSE,Orlando,FALSE,0,No Travel,1,America/New_York,0,-,28.5,-81.37,FALSE,FALSE,FALSE,FALSE,FALSE,FALSE,0,21901297,ORL vs. BKN,-12,FALSE,FALSE,-7.2,-4.8,32,40,0.444,106.9,108,0.493,-0.04899999999999999
2020-08-11,Philadelphia 76ers,2019-20,Aug,32,Phoenix Suns,FALSE,Orlando,FALSE,0,No Travel,1,America/New_York,0,-,28.5,-81.37,TRUE,TRUE,FALSE,FALSE,FALSE,FALSE,0,21901299,PHI vs. PHX,-13,FALSE,FALSE,-1.3,-11.7,42,29,0.592,110.3,108.3,0.458,0.13399999999999995
2020-08-11,Phoenix Suns,2019-20,Aug,32,Philadelphia 76ers,TRUE,Orlando,TRUE,0,No Travel,0,America/New_York,0,-,28.5,-81.37,TRUE,FALSE,TRUE,TRUE,FALSE,FALSE,0,21901299,PHX @ PHI,13,FALSE,FALSE,17.6,-4.600000000000001,33,39,0.458,113.4,113.6,0.592,-0.13399999999999995
2020-08-11,Portland Trail Blazers,2019-20,Aug,32,Dallas Mavericks,TRUE,Orlando,TRUE,0,No Travel,1,America/New_York,0,-,28.5,-81.37,FALSE,FALSE,FALSE,TRUE,FALSE,FALSE,0,21901300,POR @ DAL,3,FALSE,FALSE,-4.1,7.1,34,39,0.466,114.7,115.9,0.581,-0.11499999999999994
2020-08-11,Sacramento Kings,2019-20,Aug,32,New Orleans Pelicans,FALSE,Orlando,TRUE,0,No Travel,1,America/New_York,0,-,28.5,-81.37,FALSE,FALSE,FALSE,FALSE,FALSE,FALSE,0,21901302,SAC vs. NOP,6,FALSE,FALSE,1,5,30,41,0.423,109.7,112,0.423,0
2020-08-11,San Antonio Spurs,2019-20,Aug,32,Houston Rockets,FALSE,Orlando,TRUE,0,No Travel,1,America/New_York,0,-,28.5,-81.37,FALSE,FALSE,FALSE,FALSE,FALSE,FALSE,0,21901298,SAS vs. HOU,18,FALSE,FALSE,4.6,13.4,32,38,0.457,114.1,115.1,0.629,-0.172
2020-08-11,Washington Wizards,2019-20,Aug,32,Milwaukee Bucks,FALSE,Orlando,FALSE,0,No Travel,1,America/New_York,0,-,28.5,-81.37,FALSE,FALSE,FALSE,FALSE,FALSE,FALSE,0,21901303,WAS vs. MIL,-13,FALSE,FALSE,-9,-4,24,47,0.338,114.7,119.5,0.778,-0.44
2020-08-12,Denver Nuggets,2019-20,Aug,33,Los Angeles Clippers,FALSE,Orlando,FALSE,0,No Travel,1,America/New_York,0,-,28.5,-81.37,FALSE,FALSE,FALSE,FALSE,FALSE,FALSE,0,21901307,DEN vs. LAC,-13,FALSE,FALSE,-2.76,-10.24,46,26,0.639,111.3,109.1,0.676,-0.03700000000000003
2020-08-12,Houston Rockets,2019-20,Aug,33,Indiana Pacers,FALSE,Orlando,FALSE,0,No Travel,0,America/New_York,0,-,28.5,-81.37,TRUE,FALSE,TRUE,TRUE,FALSE,FALSE,0,21901304,HOU vs. IND,-4,FALSE,FALSE,-1.0588235294117647,-2.9411764705882355,44,27,0.62,118.1,114.6,0.611,0.009000000000000008
2020-08-12,Indiana Pacers,2019-20,Aug,33,Houston Rockets,TRUE,Orlando,TRUE,0,No Travel,1,America/New_York,0,-,28.5,-81.37,FALSE,FALSE,FALSE,FALSE,FALSE,FALSE,0,21901304,IND @ HOU,4,FALSE,FALSE,-5.888888888888889,9.88888888888889,44,28,0.611,109.4,107.7,0.62,-0.009000000000000008
2020-08-12,Miami Heat,2019-20,Aug,33,Oklahoma City Thunder,TRUE,Orlando,FALSE,0,No Travel,1,America/New_York,0,-,28.5,-81.37,FALSE,FALSE,FALSE,FALSE,FALSE,FALSE,0,21901306,MIA @ OKC,-1,FALSE,FALSE,0.9615384615384616,-1.9615384615384617,44,28,0.611,112.3,109.1,0.62,-0.009000000000000008
2020-08-12,Oklahoma City Thunder,2019-20,Aug,33,Miami Heat,FALSE,Orlando,TRUE,0,No Travel,1,America/New_York,0,-,28.5,-81.37,FALSE,FALSE,FALSE,TRUE,FALSE,FALSE,0,21901306,OKC vs. MIA,1,FALSE,FALSE,-5.153846153846154,6.153846153846154,44,27,0.62,110.5,108.5,0.611,0.009000000000000008
2020-08-12,Philadelphia 76ers,2019-20,Aug,33,Toronto Raptors,FALSE,Orlando,FALSE,0,No Travel,0,America/New_York,0,-,28.5,-81.37,TRUE,FALSE,TRUE,TRUE,FALSE,FALSE,0,21901305,PHI vs. TOR,-4,FALSE,FALSE,-1.3,-2.7,42,30,0.583,110.4,108.5,0.732,-0.14900000000000002
2020-08-12,Toronto Raptors,2019-20,Aug,33,Philadelphia 76ers,TRUE,Orlando,TRUE,0,No Travel,1,America/New_York,0,-,28.5,-81.37,FALSE,FALSE,FALSE,TRUE,FALSE,FALSE,0,21901305,TOR @ PHI,4,FALSE,FALSE,3.6470588235294117,0.3529411764705883,52,19,0.732,112.7,106.5,0.583,0.14900000000000002
2020-08-13,Boston Celtics,2019-20,Aug,33,Washington Wizards,FALSE,Orlando,FALSE,0,No Travel,1,America/New_York,0,-,28.5,-81.37,FALSE,FALSE,FALSE,FALSE,FALSE,FALSE,0,21901308,BOS vs. WAS,-6,FALSE,FALSE,6.954545454545454,-12.954545454545453,48,24,0.667,113.7,107.3,0.347,0.32000000000000006
2020-08-13,Brooklyn Nets,2019-20,Aug,33,Portland Trail Blazers,FALSE,Orlando,FALSE,0,No Travel,1,America/New_York,0,-,28.5,-81.37,FALSE,FALSE,FALSE,FALSE,FALSE,FALSE,0,21901309,BKN vs. POR,-1,FALSE,FALSE,-9.222222222222221,8.222222222222221,35,37,0.486,111.8,112.3,0.473,0.013000000000000012
2020-08-13,Dallas Mavericks,2019-20,Aug,33,Phoenix Suns,TRUE,Orlando,FALSE,0,No Travel,1,America/New_York,0,-,28.5,-81.37,FALSE,FALSE,FALSE,TRUE,FALSE,FALSE,0,21901313,DAL @ PHX,-26,FALSE,FALSE,-8.181818181818182,-17.81818181818182,43,32,0.573,117,112.1,0.466,0.10699999999999993
2020-08-13,Los Angeles Lakers,2019-20,Aug,33,Sacramento Kings,FALSE,Orlando,FALSE,0,No Travel,2,America/New_York,0,-,28.5,-81.37,FALSE,FALSE,FALSE,FALSE,FALSE,FALSE,0,21901310,LAL vs. SAC,-14,FALSE,FALSE,3.576923076923077,-17.576923076923077,52,19,0.732,113.4,107.6,0.431,0.301
2020-08-13,Memphis Grizzlies,2019-20,Aug,33,Milwaukee Bucks,FALSE,Orlando,TRUE,0,No Travel,1,America/New_York,0,-,28.5,-81.37,FALSE,FALSE,FALSE,FALSE,FALSE,FALSE,0,21901311,MEM vs. MIL,13,FALSE,FALSE,1.8,11.2,34,39,0.466,112.6,113.7,0.767,-0.301
2020-08-13,Milwaukee Bucks,2019-20,Aug,33,Memphis Grizzlies,TRUE,Orlando,FALSE,0,No Travel,1,America/New_York,0,-,28.5,-81.37,FALSE,FALSE,FALSE,TRUE,FALSE,FALSE,0,21901311,MIL @ MEM,-13,FALSE,FALSE,0.9333333333333333,-13.933333333333334,56,17,0.767,118.7,108.6,0.466,0.301
2020-08-13,New Orleans Pelicans,2019-20,Aug,33,Orlando Magic,TRUE,Orlando,FALSE,0,No Travel,1,America/New_York,0,-,28.5,-81.37,FALSE,FALSE,FALSE,FALSE,FALSE,FALSE,0,21901312,NOP @ ORL,-6,FALSE,FALSE,-5,-1,30,42,0.417,115.8,117.1,0.452,-0.03500000000000003
2020-08-13,Orlando Magic,2019-20,Aug,33,New Orleans Pelicans,FALSE,Orlando,TRUE,0,No Travel,1,America/New_York,0,-,28.5,-81.37,FALSE,FALSE,FALSE,FALSE,FALSE,FALSE,0,21901312,ORL vs. NOP,6,FALSE,FALSE,-7.2,13.2,33,40,0.452,107.3,108.3,0.417,0.03500000000000003
2020-08-13,Phoenix Suns,2019-20,Aug,33,Dallas Mavericks,FALSE,Orlando,TRUE,0,No Travel,1,America/New_York,0,-,28.5,-81.37,FALSE,FALSE,FALSE,TRUE,FALSE,FALSE,0,21901313,PHX vs. DAL,26,FALSE,FALSE,17.6,8.399999999999999,34,39,0.466,113.6,113.4,0.573,-0.10699999999999993
2020-08-13,Portland Trail Blazers,2019-20,Aug,33,Brooklyn Nets,TRUE,Orlando,TRUE,0,No Travel,1,America/New_York,0,-,28.5,-81.37,FALSE,FALSE,FALSE,FALSE,FALSE,FALSE,0,21901309,POR @ BKN,1,FALSE,FALSE,-4.1,5.1,35,39,0.473,115,116.1,0.486,-0.013000000000000012
2020-08-13,Sacramento Kings,2019-20,Aug,33,Los Angeles Lakers,TRUE,Orlando,TRUE,0,No Travel,1,America/New_York,0,-,28.5,-81.37,FALSE,FALSE,FALSE,FALSE,FALSE,FALSE,0,21901310,SAC @ LAL,14,FALSE,FALSE,1,13,31,41,0.431,110.1,112.1,0.732,-0.301
2020-08-13,San Antonio Spurs,2019-20,Aug,33,Utah Jazz,TRUE,Orlando,FALSE,0,No Travel,1,America/New_York,0,-,28.5,-81.37,FALSE,FALSE,FALSE,FALSE,FALSE,FALSE,0,21901314,SAS @ UTA,-6,FALSE,FALSE,4.6,-10.6,32,39,0.451,114.1,115.2,0.611,-0.15999999999999998
2020-08-13,Utah Jazz,2019-20,Aug,33,San Antonio Spurs,FALSE,Orlando,TRUE,0,No Travel,2,America/New_York,0,-,28.5,-81.37,FALSE,FALSE,FALSE,FALSE,FALSE,FALSE,0,21901314,UTA vs. SAS,6,FALSE,FALSE,1.75,4.25,44,28,0.611,111.3,108.8,0.451,0.15999999999999998
2020-08-13,Washington Wizards,2019-20,Aug,33,Boston Celtics,TRUE,Orlando,TRUE,0,No Travel,1,America/New_York,0,-,28.5,-81.37,FALSE,FALSE,FALSE,FALSE,FALSE,FALSE,0,21901308,WAS @ BOS,6,FALSE,FALSE,-9,15,25,47,0.347,114.4,119.1,0.667,-0.32000000000000006
2020-08-14,Denver Nuggets,2019-20,Aug,33,Toronto Raptors,TRUE,Orlando,FALSE,0,No Travel,1,America/New_York,0,-,28.5,-81.37,FALSE,FALSE,FALSE,FALSE,FALSE,FALSE,0,21901318,DEN @ TOR,-8,FALSE,FALSE,-2.76,-5.24,46,27,0.63,111.3,109.2,0.736,-0.10599999999999998
2020-08-14,Houston Rockets,2019-20,Aug,33,Philadelphia 76ers,FALSE,Orlando,FALSE,0,No Travel,1,America/New_York,0,-,28.5,-81.37,FALSE,FALSE,FALSE,TRUE,FALSE,FALSE,0,21901315,HOU vs. PHI,-38,FALSE,FALSE,-1.0588235294117647,-36.94117647058823,44,28,0.611,117.8,114.8,0.589,0.02200000000000002
2020-08-14,Indiana Pacers,2019-20,Aug,33,Miami Heat,FALSE,Orlando,TRUE,0,No Travel,1,America/New_York,0,-,28.5,-81.37,FALSE,FALSE,FALSE,FALSE,FALSE,FALSE,0,21901316,IND vs. MIA,17,FALSE,FALSE,-5.888888888888889,22.88888888888889,45,28,0.616,109.4,107.5,0.603,0.013000000000000012
2020-08-14,Miami Heat,2019-20,Aug,33,Indiana Pacers,TRUE,Orlando,FALSE,0,No Travel,1,America/New_York,0,-,28.5,-81.37,FALSE,FALSE,FALSE,FALSE,FALSE,FALSE,0,21901316,MIA @ IND,-17,FALSE,FALSE,0.9615384615384616,-17.96153846153846,44,29,0.603,112,109.1,0.616,-0.013000000000000012
2020-08-14,Oklahoma City Thunder,2019-20,Aug,33,Los Angeles Clippers,TRUE,Orlando,FALSE,0,No Travel,1,America/New_York,0,-,28.5,-81.37,FALSE,FALSE,FALSE,FALSE,FALSE,FALSE,0,21901317,OKC @ LAC,-4,FALSE,FALSE,-5.153846153846154,1.1538461538461542,44,28,0.611,110.4,108.4,0.681,-0.07000000000000006
2020-08-14,Philadelphia 76ers,2019-20,Aug,33,Houston Rockets,TRUE,Orlando,TRUE,0,No Travel,1,America/New_York,0,-,28.5,-81.37,FALSE,FALSE,FALSE,TRUE,FALSE,FALSE,0,21901315,PHI @ HOU,38,FALSE,FALSE,-1.3,39.3,43,30,0.589,110.7,108.4,0.611,-0.02200000000000002
2020-08-14,Toronto Raptors,2019-20,Aug,33,Denver Nuggets,FALSE,Orlando,TRUE,0,No Travel,1,America/New_York,0,-,28.5,-81.37,FALSE,FALSE,FALSE,FALSE,FALSE,FALSE,0,21901318,TOR vs. DEN,8,FALSE,FALSE,3.6470588235294117,4.352941176470589,53,19,0.736,112.8,106.5,0.63,0.10599999999999998
2020-08-17,Boston Celtics,2019-20,Aug,33,Philadelphia 76ers,FALSE,Orlando,TRUE,0,No Travel,3,America/New_York,0,-,28.5,-81.37,FALSE,FALSE,FALSE,FALSE,FALSE,FALSE,0,41900121,BOS vs. PHI,8,FALSE,FALSE,6.954545454545454,1.0454545454545459,48,24,0.667,113.7,107.3,0.589,0.07800000000000007
2020-08-17,Brooklyn Nets,2019-20,Aug,33,Toronto Raptors,TRUE,Orlando,FALSE,0,No Travel,3,America/New_York,0,-,28.5,-81.37,FALSE,FALSE,FALSE,FALSE,FALSE,FALSE,0,41900111,BKN @ TOR,-24,FALSE,FALSE,-9.222222222222221,-14.777777777777779,35,37,0.486,111.8,112.3,0.736,-0.25
2020-08-17,Dallas Mavericks,2019-20,Aug,33,Los Angeles Clippers,TRUE,Orlando,FALSE,0,No Travel,3,America/New_York,0,-,28.5,-81.37,FALSE,FALSE,FALSE,FALSE,FALSE,FALSE,0,41900151,DAL @ LAC,-8,FALSE,FALSE,-8.181818181818182,0.18181818181818166,43,32,0.573,117,112.1,0.681,-0.1080000000000001
2020-08-17,Denver Nuggets,2019-20,Aug,33,Utah Jazz,FALSE,Orlando,TRUE,0,No Travel,2,America/New_York,0,-,28.5,-81.37,FALSE,FALSE,FALSE,FALSE,FALSE,FALSE,0,41900161,DEN vs. UTA,10,FALSE,FALSE,-2.76,12.76,46,27,0.63,111.3,109.2,0.611,0.019000000000000017
2020-08-17,Philadelphia 76ers,2019-20,Aug,33,Boston Celtics,TRUE,Orlando,FALSE,0,No Travel,2,America/New_York,0,-,28.5,-81.37,FALSE,FALSE,FALSE,FALSE,FALSE,FALSE,0,41900121,PHI @ BOS,-8,FALSE,FALSE,-1.3,-6.7,43,30,0.589,110.7,108.4,0.667,-0.07800000000000007
2020-08-17,Toronto Raptors,2019-20,Aug,33,Brooklyn Nets,FALSE,Orlando,TRUE,0,No Travel,2,America/New_York,0,-,28.5,-81.37,FALSE,FALSE,FALSE,FALSE,FALSE,FALSE,0,41900111,TOR vs. BKN,24,FALSE,FALSE,3.6470588235294117,20.352941176470587,53,19,0.736,112.8,106.5,0.486,0.25
2020-08-17,Utah Jazz,2019-20,Aug,33,Denver Nuggets,TRUE,Orlando,FALSE,0,No Travel,3,America/New_York,0,-,28.5,-81.37,FALSE,FALSE,FALSE,FALSE,FALSE,FALSE,0,41900161,UTA @ DEN,-10,FALSE,FALSE,1.75,-11.75,44,28,0.611,111.3,108.8,0.63,-0.019000000000000017
2020-08-18,Houston Rockets,2019-20,Aug,33,Oklahoma City Thunder,FALSE,Orlando,TRUE,0,No Travel,3,America/New_York,0,-,28.5,-81.37,FALSE,FALSE,FALSE,FALSE,FALSE,FALSE,0,41900171,HOU vs. OKC,15,FALSE,FALSE,-1.0588235294117647,16.058823529411764,44,28,0.611,117.8,114.8,0.611,0
2020-08-18,Indiana Pacers,2019-20,Aug,33,Miami Heat,FALSE,Orlando,FALSE,0,No Travel,3,America/New_York,0,-,28.5,-81.37,FALSE,FALSE,FALSE,FALSE,FALSE,FALSE,0,41900131,IND vs. MIA,-12,FALSE,FALSE,-5.888888888888889,-6.111111111111111,45,28,0.616,109.4,107.5,0.603,0.013000000000000012
2020-08-18,Miami Heat,2019-20,Aug,33,Indiana Pacers,TRUE,Orlando,TRUE,0,No Travel,3,America/New_York,0,-,28.5,-81.37,FALSE,FALSE,FALSE,FALSE,FALSE,FALSE,0,41900131,MIA @ IND,12,FALSE,FALSE,0.9615384615384616,11.038461538461538,44,29,0.603,112,109.1,0.616,-0.013000000000000012
2020-08-18,Oklahoma City Thunder,2019-20,Aug,33,Houston Rockets,TRUE,Orlando,FALSE,0,No Travel,3,America/New_York,0,-,28.5,-81.37,FALSE,FALSE,FALSE,FALSE,FALSE,FALSE,0,41900171,OKC @ HOU,-15,FALSE,FALSE,-5.153846153846154,-9.846153846153847,44,28,0.611,110.4,108.4,0.611,0
2020-08-19,Boston Celtics,2019-20,Aug,34,Philadelphia 76ers,FALSE,Orlando,TRUE,0,No Travel,1,America/New_York,0,-,28.5,-81.37,FALSE,FALSE,FALSE,FALSE,FALSE,FALSE,0,41900122,BOS vs. PHI,27,FALSE,FALSE,6.954545454545454,20.045454545454547,48,24,0.667,113.7,107.3,0.589,0.07800000000000007
2020-08-19,Brooklyn Nets,2019-20,Aug,34,Toronto Raptors,TRUE,Orlando,FALSE,0,No Travel,1,America/New_York,0,-,28.5,-81.37,FALSE,FALSE,FALSE,FALSE,FALSE,FALSE,0,41900112,BKN @ TOR,-5,FALSE,FALSE,-9.222222222222221,4.222222222222221,35,37,0.486,111.8,112.3,0.736,-0.25
2020-08-19,Dallas Mavericks,2019-20,Aug,34,Los Angeles Clippers,TRUE,Orlando,TRUE,0,No Travel,1,America/New_York,0,-,28.5,-81.37,FALSE,FALSE,FALSE,FALSE,FALSE,FALSE,0,41900152,DAL @ LAC,13,FALSE,FALSE,-8.181818181818182,21.18181818181818,43,32,0.573,117,112.1,0.681,-0.1080000000000001
2020-08-19,Denver Nuggets,2019-20,Aug,34,Utah Jazz,FALSE,Orlando,FALSE,0,No Travel,1,America/New_York,0,-,28.5,-81.37,FALSE,FALSE,FALSE,FALSE,FALSE,FALSE,0,41900162,DEN vs. UTA,-19,FALSE,FALSE,-2.76,-16.240000000000002,46,27,0.63,111.3,109.2,0.611,0.019000000000000017
2020-08-19,Philadelphia 76ers,2019-20,Aug,34,Boston Celtics,TRUE,Orlando,FALSE,0,No Travel,1,America/New_York,0,-,28.5,-81.37,FALSE,FALSE,FALSE,FALSE,FALSE,FALSE,0,41900122,PHI @ BOS,-27,FALSE,FALSE,-1.3,-25.7,43,30,0.589,110.7,108.4,0.667,-0.07800000000000007
2020-08-19,Toronto Raptors,2019-20,Aug,34,Brooklyn Nets,FALSE,Orlando,TRUE,0,No Travel,1,America/New_York,0,-,28.5,-81.37,FALSE,FALSE,FALSE,FALSE,FALSE,FALSE,0,41900112,TOR vs. BKN,5,FALSE,FALSE,3.6470588235294117,1.3529411764705883,53,19,0.736,112.8,106.5,0.486,0.25
2020-08-19,Utah Jazz,2019-20,Aug,34,Denver Nuggets,TRUE,Orlando,TRUE,0,No Travel,1,America/New_York,0,-,28.5,-81.37,FALSE,FALSE,FALSE,FALSE,FALSE,FALSE,0,41900162,UTA @ DEN,19,FALSE,FALSE,1.75,17.25,44,28,0.611,111.3,108.8,0.63,-0.019000000000000017
2020-08-20,Houston Rockets,2019-20,Aug,34,Oklahoma City Thunder,FALSE,Orlando,TRUE,0,No Travel,1,America/New_York,0,-,28.5,-81.37,FALSE,FALSE,FALSE,FALSE,FALSE,FALSE,0,41900172,HOU vs. OKC,13,FALSE,FALSE,-1.0588235294117647,14.058823529411764,44,28,0.611,117.8,114.8,0.611,0
2020-08-20,Indiana Pacers,2019-20,Aug,34,Miami Heat,FALSE,Orlando,FALSE,0,No Travel,1,America/New_York,0,-,28.5,-81.37,FALSE,FALSE,FALSE,FALSE,FALSE,FALSE,0,41900132,IND vs. MIA,-9,FALSE,FALSE,-5.888888888888889,-3.1111111111111107,45,28,0.616,109.4,107.5,0.603,0.013000000000000012
2020-08-20,Los Angeles Lakers,2019-20,Aug,34,Portland Trail Blazers,FALSE,Orlando,TRUE,0,No Travel,1,America/New_York,0,-,28.5,-81.37,FALSE,FALSE,FALSE,FALSE,FALSE,FALSE,0,41900142,LAL vs. POR,23,FALSE,FALSE,3.576923076923077,19.423076923076923,52,19,0.732,113.4,107.6,0.473,0.259
2020-08-20,Miami Heat,2019-20,Aug,34,Indiana Pacers,TRUE,Orlando,TRUE,0,No Travel,1,America/New_York,0,-,28.5,-81.37,FALSE,FALSE,FALSE,FALSE,FALSE,FALSE,0,41900132,MIA @ IND,9,FALSE,FALSE,0.9615384615384616,8.038461538461538,44,29,0.603,112,109.1,0.616,-0.013000000000000012
2020-08-20,Milwaukee Bucks,2019-20,Aug,34,Orlando Magic,FALSE,Orlando,TRUE,0,No Travel,1,America/New_York,0,-,28.5,-81.37,FALSE,FALSE,FALSE,FALSE,FALSE,FALSE,0,41900102,MIL vs. ORL,15,FALSE,FALSE,0.9333333333333333,14.066666666666666,56,17,0.767,118.7,108.6,0.452,0.315
2020-08-20,Oklahoma City Thunder,2019-20,Aug,34,Houston Rockets,TRUE,Orlando,FALSE,0,No Travel,1,America/New_York,0,-,28.5,-81.37,FALSE,FALSE,FALSE,FALSE,FALSE,FALSE,0,41900172,OKC @ HOU,-13,FALSE,FALSE,-5.153846153846154,-7.846153846153846,44,28,0.611,110.4,108.4,0.611,0
2020-08-20,Orlando Magic,2019-20,Aug,34,Milwaukee Bucks,TRUE,Orlando,FALSE,0,No Travel,1,America/New_York,0,-,28.5,-81.37,FALSE,FALSE,FALSE,FALSE,FALSE,FALSE,0,41900102,ORL @ MIL,-15,FALSE,FALSE,-7.2,-7.8,33,40,0.452,107.3,108.3,0.767,-0.315
2020-08-20,Portland Trail Blazers,2019-20,Aug,34,Los Angeles Lakers,TRUE,Orlando,FALSE,0,No Travel,1,America/New_York,0,-,28.5,-81.37,FALSE,FALSE,FALSE,FALSE,FALSE,FALSE,0,41900142,POR @ LAL,-23,FALSE,FALSE,-4.1,-18.9,35,39,0.473,115,116.1,0.732,-0.259
2020-08-21,Boston Celtics,2019-20,Aug,34,Philadelphia 76ers,TRUE,Orlando,TRUE,0,No Travel,1,America/New_York,0,-,28.5,-81.37,FALSE,FALSE,FALSE,FALSE,FALSE,FALSE,0,41900123,BOS @ PHI,8,FALSE,FALSE,6.954545454545454,1.0454545454545459,48,24,0.667,113.7,107.3,0.589,0.07800000000000007
2020-08-21,Brooklyn Nets,2019-20,Aug,34,Toronto Raptors,FALSE,Orlando,FALSE,0,No Travel,1,America/New_York,0,-,28.5,-81.37,FALSE,FALSE,FALSE,FALSE,FALSE,FALSE,0,41900113,BKN vs. TOR,-25,FALSE,FALSE,-9.222222222222221,-15.777777777777779,35,37,0.486,111.8,112.3,0.736,-0.25
2020-08-21,Dallas Mavericks,2019-20,Aug,34,Los Angeles Clippers,FALSE,Orlando,FALSE,0,No Travel,1,America/New_York,0,-,28.5,-81.37,FALSE,FALSE,FALSE,FALSE,FALSE,FALSE,0,41900153,DAL vs. LAC,-8,FALSE,FALSE,-8.181818181818182,0.18181818181818166,43,32,0.573,117,112.1,0.681,-0.1080000000000001
2020-08-21,Denver Nuggets,2019-20,Aug,34,Utah Jazz,TRUE,Orlando,FALSE,0,No Travel,1,America/New_York,0,-,28.5,-81.37,FALSE,FALSE,FALSE,FALSE,FALSE,FALSE,0,41900163,DEN @ UTA,-37,FALSE,FALSE,-2.76,-34.24,46,27,0.63,111.3,109.2,0.611,0.019000000000000017
2020-08-21,Philadelphia 76ers,2019-20,Aug,34,Boston Celtics,FALSE,Orlando,FALSE,0,No Travel,1,America/New_York,0,-,28.5,-81.37,FALSE,FALSE,FALSE,FALSE,FALSE,FALSE,0,41900123,PHI vs. BOS,-8,FALSE,FALSE,-1.3,-6.7,43,30,0.589,110.7,108.4,0.667,-0.07800000000000007
2020-08-21,Toronto Raptors,2019-20,Aug,34,Brooklyn Nets,TRUE,Orlando,TRUE,0,No Travel,1,America/New_York,0,-,28.5,-81.37,FALSE,FALSE,FALSE,FALSE,FALSE,FALSE,0,41900113,TOR @ BKN,25,FALSE,FALSE,3.6470588235294117,21.352941176470587,53,19,0.736,112.8,106.5,0.486,0.25
2020-08-21,Utah Jazz,2019-20,Aug,34,Denver Nuggets,FALSE,Orlando,TRUE,0,No Travel,1,America/New_York,0,-,28.5,-81.37,FALSE,FALSE,FALSE,FALSE,FALSE,FALSE,0,41900163,UTA vs. DEN,37,FALSE,FALSE,1.75,35.25,44,28,0.611,111.3,108.8,0.63,-0.019000000000000017
2020-08-22,Houston Rockets,2019-20,Aug,34,Oklahoma City Thunder,TRUE,Orlando,FALSE,0,No Travel,1,America/New_York,0,-,28.5,-81.37,FALSE,FALSE,FALSE,FALSE,FALSE,FALSE,0,41900173,HOU @ OKC,-12,FALSE,FALSE,-1.0588235294117647,-10.941176470588236,44,28,0.611,117.8,114.8,0.611,0
2020-08-22,Indiana Pacers,2019-20,Aug,34,Miami Heat,TRUE,Orlando,FALSE,0,No Travel,1,America/New_York,0,-,28.5,-81.37,FALSE,FALSE,FALSE,FALSE,FALSE,FALSE,0,41900133,IND @ MIA,-9,FALSE,FALSE,-5.888888888888889,-3.1111111111111107,45,28,0.616,109.4,107.5,0.603,0.013000000000000012
2020-08-22,Los Angeles Lakers,2019-20,Aug,34,Portland Trail Blazers,TRUE,Orlando,TRUE,0,No Travel,1,America/New_York,0,-,28.5,-81.37,FALSE,FALSE,FALSE,FALSE,FALSE,FALSE,0,41900143,LAL @ POR,8,FALSE,FALSE,3.576923076923077,4.423076923076923,52,19,0.732,113.4,107.6,0.473,0.259
2020-08-22,Miami Heat,2019-20,Aug,34,Indiana Pacers,FALSE,Orlando,TRUE,0,No Travel,1,America/New_York,0,-,28.5,-81.37,FALSE,FALSE,FALSE,FALSE,FALSE,FALSE,0,41900133,MIA vs. IND,9,FALSE,FALSE,0.9615384615384616,8.038461538461538,44,29,0.603,112,109.1,0.616,-0.013000000000000012
2020-08-22,Milwaukee Bucks,2019-20,Aug,34,Orlando Magic,TRUE,Orlando,TRUE,0,No Travel,1,America/New_York,0,-,28.5,-81.37,FALSE,FALSE,FALSE,FALSE,FALSE,FALSE,0,41900103,MIL @ ORL,14,FALSE,FALSE,0.9333333333333333,13.066666666666666,56,17,0.767,118.7,108.6,0.452,0.315
2020-08-22,Oklahoma City Thunder,2019-20,Aug,34,Houston Rockets,FALSE,Orlando,TRUE,0,No Travel,1,America/New_York,0,-,28.5,-81.37,FALSE,FALSE,FALSE,FALSE,FALSE,FALSE,0,41900173,OKC vs. HOU,12,FALSE,FALSE,-5.153846153846154,17.153846153846153,44,28,0.611,110.4,108.4,0.611,0
2020-08-22,Orlando Magic,2019-20,Aug,34,Milwaukee Bucks,FALSE,Orlando,FALSE,0,No Travel,1,America/New_York,0,-,28.5,-81.37,FALSE,FALSE,FALSE,FALSE,FALSE,FALSE,0,41900103,ORL vs. MIL,-14,FALSE,FALSE,-7.2,-6.8,33,40,0.452,107.3,108.3,0.767,-0.315
2020-08-22,Portland Trail Blazers,2019-20,Aug,34,Los Angeles Lakers,FALSE,Orlando,FALSE,0,No Travel,1,America/New_York,0,-,28.5,-81.37,FALSE,FALSE,FALSE,FALSE,FALSE,FALSE,0,41900143,POR vs. LAL,-8,FALSE,FALSE,-4.1,-3.9000000000000004,35,39,0.473,115,116.1,0.732,-0.259
2020-08-23,Boston Celtics,2019-20,Aug,34,Philadelphia 76ers,TRUE,Orlando,TRUE,0,No Travel,1,America/New_York,0,-,28.5,-81.37,FALSE,FALSE,FALSE,FALSE,FALSE,FALSE,0,41900124,BOS @ PHI,4,FALSE,FALSE,6.954545454545454,-2.954545454545454,48,24,0.667,113.7,107.3,0.589,0.07800000000000007
2020-08-23,Brooklyn Nets,2019-20,Aug,34,Toronto Raptors,FALSE,Orlando,FALSE,0,No Travel,1,America/New_York,0,-,28.5,-81.37,FALSE,FALSE,FALSE,FALSE,FALSE,FALSE,0,41900114,BKN vs. TOR,-28,FALSE,FALSE,-9.222222222222221,-18.77777777777778,35,37,0.486,111.8,112.3,0.736,-0.25
2020-08-23,Dallas Mavericks,2019-20,Aug,34,Los Angeles Clippers,FALSE,Orlando,TRUE,0,No Travel,1,America/New_York,0,-,28.5,-81.37,FALSE,FALSE,FALSE,FALSE,FALSE,FALSE,0,41900154,DAL vs. LAC,2,FALSE,FALSE,-8.181818181818182,10.181818181818182,43,32,0.573,117,112.1,0.681,-0.1080000000000001
2020-08-23,Denver Nuggets,2019-20,Aug,34,Utah Jazz,TRUE,Orlando,FALSE,0,No Travel,1,America/New_York,0,-,28.5,-81.37,FALSE,FALSE,FALSE,FALSE,FALSE,FALSE,0,41900164,DEN @ UTA,-2,FALSE,FALSE,-2.76,0.7599999999999998,46,27,0.63,111.3,109.2,0.611,0.019000000000000017
2020-08-23,Philadelphia 76ers,2019-20,Aug,34,Boston Celtics,FALSE,Orlando,FALSE,0,No Travel,1,America/New_York,0,-,28.5,-81.37,FALSE,FALSE,FALSE,FALSE,FALSE,FALSE,0,41900124,PHI vs. BOS,-4,FALSE,FALSE,-1.3,-2.7,43,30,0.589,110.7,108.4,0.667,-0.07800000000000007
2020-08-23,Toronto Raptors,2019-20,Aug,34,Brooklyn Nets,TRUE,Orlando,TRUE,0,No Travel,1,America/New_York,0,-,28.5,-81.37,FALSE,FALSE,FALSE,FALSE,FALSE,FALSE,0,41900114,TOR @ BKN,28,FALSE,FALSE,3.6470588235294117,24.352941176470587,53,19,0.736,112.8,106.5,0.486,0.25
2020-08-23,Utah Jazz,2019-20,Aug,34,Denver Nuggets,FALSE,Orlando,TRUE,0,No Travel,1,America/New_York,0,-,28.5,-81.37,FALSE,FALSE,FALSE,FALSE,FALSE,FALSE,0,41900164,UTA vs. DEN,2,FALSE,FALSE,1.75,0.25,44,28,0.611,111.3,108.8,0.63,-0.019000000000000017
2020-08-24,Houston Rockets,2019-20,Aug,34,Oklahoma City Thunder,TRUE,Orlando,FALSE,0,No Travel,1,America/New_York,0,-,28.5,-81.37,FALSE,FALSE,FALSE,FALSE,FALSE,FALSE,0,41900174,HOU @ OKC,-3,FALSE,FALSE,-1.0588235294117647,-1.9411764705882353,44,28,0.611,117.8,114.8,0.611,0
2020-08-24,Indiana Pacers,2019-20,Aug,34,Miami Heat,TRUE,Orlando,FALSE,0,No Travel,1,America/New_York,0,-,28.5,-81.37,FALSE,FALSE,FALSE,FALSE,FALSE,FALSE,0,41900134,IND @ MIA,-12,FALSE,FALSE,-5.888888888888889,-6.111111111111111,45,28,0.616,109.4,107.5,0.603,0.013000000000000012
2020-08-24,Los Angeles Lakers,2019-20,Aug,34,Portland Trail Blazers,TRUE,Orlando,TRUE,0,No Travel,1,America/New_York,0,-,28.5,-81.37,FALSE,FALSE,FALSE,FALSE,FALSE,FALSE,0,41900144,LAL @ POR,20,FALSE,FALSE,3.576923076923077,16.423076923076923,52,19,0.732,113.4,107.6,0.473,0.259
2020-08-24,Miami Heat,2019-20,Aug,34,Indiana Pacers,FALSE,Orlando,TRUE,0,No Travel,1,America/New_York,0,-,28.5,-81.37,FALSE,FALSE,FALSE,FALSE,FALSE,FALSE,0,41900134,MIA vs. IND,12,FALSE,FALSE,0.9615384615384616,11.038461538461538,44,29,0.603,112,109.1,0.616,-0.013000000000000012
2020-08-24,Milwaukee Bucks,2019-20,Aug,34,Orlando Magic,TRUE,Orlando,TRUE,0,No Travel,1,America/New_York,0,-,28.5,-81.37,FALSE,FALSE,FALSE,FALSE,FALSE,FALSE,0,41900104,MIL @ ORL,15,FALSE,FALSE,0.9333333333333333,14.066666666666666,56,17,0.767,118.7,108.6,0.452,0.315
2020-08-24,Oklahoma City Thunder,2019-20,Aug,34,Houston Rockets,FALSE,Orlando,TRUE,0,No Travel,1,America/New_York,0,-,28.5,-81.37,FALSE,FALSE,FALSE,FALSE,FALSE,FALSE,0,41900174,OKC vs. HOU,3,FALSE,FALSE,-5.153846153846154,8.153846153846153,44,28,0.611,110.4,108.4,0.611,0
2020-08-24,Orlando Magic,2019-20,Aug,34,Milwaukee Bucks,FALSE,Orlando,FALSE,0,No Travel,1,America/New_York,0,-,28.5,-81.37,FALSE,FALSE,FALSE,FALSE,FALSE,FALSE,0,41900104,ORL vs. MIL,-15,FALSE,FALSE,-7.2,-7.8,33,40,0.452,107.3,108.3,0.767,-0.315
2020-08-24,Portland Trail Blazers,2019-20,Aug,34,Los Angeles Lakers,FALSE,Orlando,FALSE,0,No Travel,1,America/New_York,0,-,28.5,-81.37,FALSE,FALSE,FALSE,FALSE,FALSE,FALSE,0,41900144,POR vs. LAL,-20,FALSE,FALSE,-4.1,-15.9,35,39,0.473,115,116.1,0.732,-0.259
2020-08-25,Dallas Mavericks,2019-20,Aug,34,Los Angeles Clippers,TRUE,Orlando,FALSE,0,No Travel,1,America/New_York,0,-,28.5,-81.37,FALSE,FALSE,FALSE,FALSE,FALSE,FALSE,0,41900155,DAL @ LAC,-43,FALSE,FALSE,-8.181818181818182,-34.81818181818182,43,32,0.573,117,112.1,0.681,-0.1080000000000001
2020-08-25,Denver Nuggets,2019-20,Aug,34,Utah Jazz,FALSE,Orlando,TRUE,0,No Travel,1,America/New_York,0,-,28.5,-81.37,FALSE,FALSE,FALSE,FALSE,FALSE,FALSE,0,41900165,DEN vs. UTA,10,FALSE,FALSE,-2.76,12.76,46,27,0.63,111.3,109.2,0.611,0.019000000000000017
2020-08-25,Utah Jazz,2019-20,Aug,34,Denver Nuggets,TRUE,Orlando,FALSE,0,No Travel,1,America/New_York,0,-,28.5,-81.37,FALSE,FALSE,FALSE,FALSE,FALSE,FALSE,0,41900165,UTA @ DEN,-10,FALSE,FALSE,1.75,-11.75,44,28,0.611,111.3,108.8,0.63,-0.019000000000000017
2020-08-31,Houston Rockets,2019-20,Aug,35,Oklahoma City Thunder,TRUE,Orlando,FALSE,0,No Travel,1,America/New_York,0,-,28.5,-81.37,FALSE,FALSE,FALSE,FALSE,FALSE,FALSE,0,41900176,HOU @ OKC,-4,FALSE,FALSE,-1.0588235294117647,-2.9411764705882355,44,28,0.611,117.8,114.8,0.611,0
2020-08-31,Milwaukee Bucks,2019-20,Aug,35,Miami Heat,FALSE,Orlando,FALSE,0,No Travel,1,America/New_York,0,-,28.5,-81.37,FALSE,FALSE,FALSE,FALSE,FALSE,FALSE,0,41900201,MIL vs. MIA,-11,FALSE,FALSE,0.9333333333333333,-11.933333333333334,56,17,0.767,118.7,108.6,0.603,0.16400000000000003
2020-08-31,Oklahoma City Thunder,2019-20,Aug,35,Houston Rockets,FALSE,Orlando,TRUE,0,No Travel,1,America/New_York,0,-,28.5,-81.37,FALSE,FALSE,FALSE,FALSE,FALSE,FALSE,0,41900176,OKC vs. HOU,4,FALSE,FALSE,-5.153846153846154,9.153846153846153,44,28,0.611,110.4,108.4,0.611,0
2020-09-01,Boston Celtics,2019-20,Sep,35,Toronto Raptors,TRUE,Orlando,TRUE,0,No Travel,1,America/New_York,0,-,28.5,-81.37,FALSE,FALSE,FALSE,FALSE,FALSE,FALSE,0,41900212,BOS @ TOR,3,FALSE,FALSE,6.954545454545454,-3.954545454545454,48,24,0.667,113.7,107.3,0.736,-0.06899999999999995
2020-09-01,Denver Nuggets,2019-20,Sep,35,Utah Jazz,FALSE,Orlando,TRUE,0,No Travel,1,America/New_York,0,-,28.5,-81.37,FALSE,FALSE,FALSE,FALSE,FALSE,FALSE,0,41900167,DEN vs. UTA,2,FALSE,FALSE,-2.76,4.76,46,27,0.63,111.3,109.2,0.611,0.019000000000000017
2020-09-01,Toronto Raptors,2019-20,Sep,35,Boston Celtics,FALSE,Orlando,FALSE,0,No Travel,1,America/New_York,0,-,28.5,-81.37,FALSE,FALSE,FALSE,FALSE,FALSE,FALSE,0,41900212,TOR vs. BOS,-3,FALSE,FALSE,3.6470588235294117,-6.647058823529411,53,19,0.736,112.8,106.5,0.667,0.06899999999999995
2020-09-01,Utah Jazz,2019-20,Sep,35,Denver Nuggets,TRUE,Orlando,FALSE,0,No Travel,1,America/New_York,0,-,28.5,-81.37,FALSE,FALSE,FALSE,FALSE,FALSE,FALSE,0,41900167,UTA @ DEN,-2,FALSE,FALSE,1.75,-3.75,44,28,0.611,111.3,108.8,0.63,-0.019000000000000017
2020-09-02,Houston Rockets,2019-20,Sep,36,Oklahoma City Thunder,FALSE,Orlando,TRUE,0,No Travel,1,America/New_York,0,-,28.5,-81.37,FALSE,FALSE,FALSE,FALSE,FALSE,FALSE,0,41900177,HOU vs. OKC,2,FALSE,FALSE,-1.0588235294117647,3.0588235294117645,44,28,0.611,117.8,114.8,0.611,0
2020-09-02,Miami Heat,2019-20,Sep,36,Milwaukee Bucks,TRUE,Orlando,TRUE,0,No Travel,1,America/New_York,0,-,28.5,-81.37,FALSE,FALSE,FALSE,FALSE,FALSE,FALSE,0,41900202,MIA @ MIL,2,FALSE,FALSE,0.9615384615384616,1.0384615384615383,44,29,0.603,112,109.1,0.767,-0.16400000000000003
2020-09-02,Milwaukee Bucks,2019-20,Sep,36,Miami Heat,FALSE,Orlando,FALSE,0,No Travel,1,America/New_York,0,-,28.5,-81.37,FALSE,FALSE,FALSE,FALSE,FALSE,FALSE,0,41900202,MIL vs. MIA,-2,FALSE,FALSE,0.9333333333333333,-2.9333333333333336,56,17,0.767,118.7,108.6,0.603,0.16400000000000003
2020-09-02,Oklahoma City Thunder,2019-20,Sep,36,Houston Rockets,TRUE,Orlando,FALSE,0,No Travel,1,America/New_York,0,-,28.5,-81.37,FALSE,FALSE,FALSE,FALSE,FALSE,FALSE,0,41900177,OKC @ HOU,-2,FALSE,FALSE,-5.153846153846154,3.153846153846154,44,28,0.611,110.4,108.4,0.611,0
2020-09-03,Boston Celtics,2019-20,Sep,36,Toronto Raptors,FALSE,Orlando,FALSE,0,No Travel,1,America/New_York,0,-,28.5,-81.37,FALSE,FALSE,FALSE,FALSE,FALSE,FALSE,0,41900213,BOS vs. TOR,-1,FALSE,FALSE,6.954545454545454,-7.954545454545454,48,24,0.667,113.7,107.3,0.736,-0.06899999999999995
2020-09-03,Denver Nuggets,2019-20,Sep,36,Los Angeles Clippers,TRUE,Orlando,FALSE,0,No Travel,1,America/New_York,0,-,28.5,-81.37,FALSE,FALSE,FALSE,FALSE,FALSE,FALSE,0,41900231,DEN @ LAC,-23,FALSE,FALSE,-2.76,-20.240000000000002,46,27,0.63,111.3,109.2,0.681,-0.051000000000000045
2020-09-03,Toronto Raptors,2019-20,Sep,36,Boston Celtics,TRUE,Orlando,TRUE,0,No Travel,1,America/New_York,0,-,28.5,-81.37,FALSE,FALSE,FALSE,FALSE,FALSE,FALSE,0,41900213,TOR @ BOS,1,FALSE,FALSE,3.6470588235294117,-2.6470588235294117,53,19,0.736,112.8,106.5,0.667,0.06899999999999995
2020-09-04,Houston Rockets,2019-20,Sep,36,Los Angeles Lakers,TRUE,Orlando,TRUE,0,No Travel,1,America/New_York,0,-,28.5,-81.37,FALSE,FALSE,FALSE,FALSE,FALSE,FALSE,0,41900221,HOU @ LAL,15,FALSE,FALSE,-1.0588235294117647,16.058823529411764,44,28,0.611,117.8,114.8,0.732,-0.121
2020-09-04,Miami Heat,2019-20,Sep,36,Milwaukee Bucks,FALSE,Orlando,TRUE,0,No Travel,1,America/New_York,0,-,28.5,-81.37,FALSE,FALSE,FALSE,FALSE,FALSE,FALSE,0,41900203,MIA vs. MIL,15,FALSE,FALSE,0.9615384615384616,14.038461538461538,44,29,0.603,112,109.1,0.767,-0.16400000000000003
2020-09-04,Milwaukee Bucks,2019-20,Sep,36,Miami Heat,TRUE,Orlando,FALSE,0,No Travel,1,America/New_York,0,-,28.5,-81.37,FALSE,FALSE,FALSE,FALSE,FALSE,FALSE,0,41900203,MIL @ MIA,-15,FALSE,FALSE,0.9333333333333333,-15.933333333333334,56,17,0.767,118.7,108.6,0.603,0.16400000000000003
2020-09-05,Boston Celtics,2019-20,Sep,36,Toronto Raptors,FALSE,Orlando,FALSE,0,No Travel,1,America/New_York,0,-,28.5,-81.37,FALSE,FALSE,FALSE,FALSE,FALSE,FALSE,0,41900214,BOS vs. TOR,-7,FALSE,FALSE,6.954545454545454,-13.954545454545453,48,24,0.667,113.7,107.3,0.736,-0.06899999999999995
2020-09-05,Denver Nuggets,2019-20,Sep,36,Los Angeles Clippers,TRUE,Orlando,TRUE,0,No Travel,1,America/New_York,0,-,28.5,-81.37,FALSE,FALSE,FALSE,FALSE,FALSE,FALSE,0,41900232,DEN @ LAC,9,FALSE,FALSE,-2.76,11.76,46,27,0.63,111.3,109.2,0.681,-0.051000000000000045
2020-09-05,Toronto Raptors,2019-20,Sep,36,Boston Celtics,TRUE,Orlando,TRUE,0,No Travel,1,America/New_York,0,-,28.5,-81.37,FALSE,FALSE,FALSE,FALSE,FALSE,FALSE,0,41900214,TOR @ BOS,7,FALSE,FALSE,3.6470588235294117,3.3529411764705883,53,19,0.736,112.8,106.5,0.667,0.06899999999999995
2020-09-06,Houston Rockets,2019-20,Sep,36,Los Angeles Lakers,TRUE,Orlando,FALSE,0,No Travel,1,America/New_York,0,-,28.5,-81.37,FALSE,FALSE,FALSE,FALSE,FALSE,FALSE,0,41900222,HOU @ LAL,-8,FALSE,FALSE,-1.0588235294117647,-6.9411764705882355,44,28,0.611,117.8,114.8,0.732,-0.121
2020-09-06,Los Angeles Lakers,2019-20,Sep,36,Houston Rockets,FALSE,Orlando,TRUE,0,No Travel,1,America/New_York,0,-,28.5,-81.37,FALSE,FALSE,FALSE,FALSE,FALSE,FALSE,0,41900222,LAL vs. HOU,8,FALSE,FALSE,3.576923076923077,4.423076923076923,52,19,0.732,113.4,107.6,0.611,0.121
2020-09-06,Miami Heat,2019-20,Sep,36,Milwaukee Bucks,FALSE,Orlando,FALSE,0,No Travel,1,America/New_York,0,-,28.5,-81.37,FALSE,FALSE,FALSE,FALSE,FALSE,FALSE,0,41900204,MIA vs. MIL,-3,FALSE,FALSE,0.9615384615384616,-3.9615384615384617,44,29,0.603,112,109.1,0.767,-0.16400000000000003
2020-09-06,Milwaukee Bucks,2019-20,Sep,36,Miami Heat,TRUE,Orlando,TRUE,0,No Travel,1,America/New_York,0,-,28.5,-81.37,FALSE,FALSE,FALSE,FALSE,FALSE,FALSE,0,41900204,MIL @ MIA,3,FALSE,FALSE,0.9333333333333333,2.0666666666666664,56,17,0.767,118.7,108.6,0.603,0.16400000000000003
2020-09-07,Boston Celtics,2019-20,Sep,36,Toronto Raptors,TRUE,Orlando,TRUE,0,No Travel,1,America/New_York,0,-,28.5,-81.37,FALSE,FALSE,FALSE,FALSE,FALSE,FALSE,0,41900215,BOS @ TOR,22,FALSE,FALSE,6.954545454545454,15.045454545454547,48,24,0.667,113.7,107.3,0.736,-0.06899999999999995
2020-09-07,Denver Nuggets,2019-20,Sep,36,Los Angeles Clippers,FALSE,Orlando,FALSE,0,No Travel,1,America/New_York,0,-,28.5,-81.37,FALSE,FALSE,FALSE,FALSE,FALSE,FALSE,0,41900233,DEN vs. LAC,-6,FALSE,FALSE,-2.76,-3.24,46,27,0.63,111.3,109.2,0.681,-0.051000000000000045
2020-09-07,Toronto Raptors,2019-20,Sep,36,Boston Celtics,FALSE,Orlando,FALSE,0,No Travel,1,America/New_York,0,-,28.5,-81.37,FALSE,FALSE,FALSE,FALSE,FALSE,FALSE,0,41900215,TOR vs. BOS,-22,FALSE,FALSE,3.6470588235294117,-25.647058823529413,53,19,0.736,112.8,106.5,0.667,0.06899999999999995
2020-09-08,Houston Rockets,2019-20,Sep,36,Los Angeles Lakers,FALSE,Orlando,FALSE,0,No Travel,1,America/New_York,0,-,28.5,-81.37,FALSE,FALSE,FALSE,FALSE,FALSE,FALSE,0,41900223,HOU vs. LAL,-10,FALSE,FALSE,-1.0588235294117647,-8.941176470588236,44,28,0.611,117.8,114.8,0.732,-0.121
2020-09-08,Los Angeles Lakers,2019-20,Sep,36,Houston Rockets,TRUE,Orlando,TRUE,0,No Travel,1,America/New_York,0,-,28.5,-81.37,FALSE,FALSE,FALSE,FALSE,FALSE,FALSE,0,41900223,LAL @ HOU,10,FALSE,FALSE,3.576923076923077,6.423076923076923,52,19,0.732,113.4,107.6,0.611,0.121
2020-09-08,Miami Heat,2019-20,Sep,36,Milwaukee Bucks,TRUE,Orlando,TRUE,0,No Travel,1,America/New_York,0,-,28.5,-81.37,FALSE,FALSE,FALSE,FALSE,FALSE,FALSE,0,41900205,MIA @ MIL,9,FALSE,FALSE,0.9615384615384616,8.038461538461538,44,29,0.603,112,109.1,0.767,-0.16400000000000003
2020-09-08,Milwaukee Bucks,2019-20,Sep,36,Miami Heat,FALSE,Orlando,FALSE,0,No Travel,1,America/New_York,0,-,28.5,-81.37,FALSE,FALSE,FALSE,FALSE,FALSE,FALSE,0,41900205,MIL vs. MIA,-9,FALSE,FALSE,0.9333333333333333,-9.933333333333334,56,17,0.767,118.7,108.6,0.603,0.16400000000000003
2020-09-09,Boston Celtics,2019-20,Sep,37,Toronto Raptors,FALSE,Orlando,FALSE,0,No Travel,1,America/New_York,0,-,28.5,-81.37,FALSE,FALSE,FALSE,FALSE,FALSE,FALSE,0,41900216,BOS vs. TOR,-3,FALSE,FALSE,6.954545454545454,-9.954545454545453,48,24,0.667,113.7,107.3,0.736,-0.06899999999999995
2020-09-09,Denver Nuggets,2019-20,Sep,37,Los Angeles Clippers,FALSE,Orlando,FALSE,0,No Travel,1,America/New_York,0,-,28.5,-81.37,FALSE,FALSE,FALSE,FALSE,FALSE,FALSE,0,41900234,DEN vs. LAC,-11,FALSE,FALSE,-2.76,-8.24,46,27,0.63,111.3,109.2,0.681,-0.051000000000000045
2020-09-09,Toronto Raptors,2019-20,Sep,37,Boston Celtics,TRUE,Orlando,TRUE,0,No Travel,1,America/New_York,0,-,28.5,-81.37,FALSE,FALSE,FALSE,FALSE,FALSE,FALSE,0,41900216,TOR @ BOS,3,FALSE,FALSE,3.6470588235294117,-0.6470588235294117,53,19,0.736,112.8,106.5,0.667,0.06899999999999995
2020-09-10,Houston Rockets,2019-20,Sep,37,Los Angeles Lakers,FALSE,Orlando,FALSE,0,No Travel,1,America/New_York,0,-,28.5,-81.37,FALSE,FALSE,FALSE,FALSE,FALSE,FALSE,0,41900224,HOU vs. LAL,-10,FALSE,FALSE,-1.0588235294117647,-8.941176470588236,44,28,0.611,117.8,114.8,0.732,-0.121
2020-09-10,Los Angeles Lakers,2019-20,Sep,37,Houston Rockets,TRUE,Orlando,TRUE,0,No Travel,1,America/New_York,0,-,28.5,-81.37,FALSE,FALSE,FALSE,FALSE,FALSE,FALSE,0,41900224,LAL @ HOU,10,FALSE,FALSE,3.576923076923077,6.423076923076923,52,19,0.732,113.4,107.6,0.611,0.121
2020-09-11,Boston Celtics,2019-20,Sep,37,Toronto Raptors,TRUE,Orlando,TRUE,0,No Travel,1,America/New_York,0,-,28.5,-81.37,FALSE,FALSE,FALSE,FALSE,FALSE,FALSE,0,41900217,BOS @ TOR,5,FALSE,FALSE,6.954545454545454,-1.9545454545454541,48,24,0.667,113.7,107.3,0.736,-0.06899999999999995
2020-09-11,Denver Nuggets,2019-20,Sep,37,Los Angeles Clippers,TRUE,Orlando,TRUE,0,No Travel,1,America/New_York,0,-,28.5,-81.37,FALSE,FALSE,FALSE,FALSE,FALSE,FALSE,0,41900235,DEN @ LAC,6,FALSE,FALSE,-2.76,8.76,46,27,0.63,111.3,109.2,0.681,-0.051000000000000045
2020-09-11,Toronto Raptors,2019-20,Sep,37,Boston Celtics,FALSE,Orlando,FALSE,0,No Travel,1,America/New_York,0,-,28.5,-81.37,FALSE,FALSE,FALSE,FALSE,FALSE,FALSE,0,41900217,TOR vs. BOS,-5,FALSE,FALSE,3.6470588235294117,-8.647058823529411,53,19,0.736,112.8,106.5,0.667,0.06899999999999995
2020-09-12,Houston Rockets,2019-20,Sep,37,Los Angeles Lakers,TRUE,Orlando,FALSE,0,No Travel,1,America/New_York,0,-,28.5,-81.37,FALSE,FALSE,FALSE,FALSE,FALSE,FALSE,0,41900225,HOU @ LAL,-23,FALSE,FALSE,-1.0588235294117647,-21.941176470588236,44,28,0.611,117.8,114.8,0.732,-0.121
2020-09-12,Los Angeles Lakers,2019-20,Sep,37,Houston Rockets,FALSE,Orlando,TRUE,0,No Travel,1,America/New_York,0,-,28.5,-81.37,FALSE,FALSE,FALSE,FALSE,FALSE,FALSE,0,41900225,LAL vs. HOU,23,FALSE,FALSE,3.576923076923077,19.423076923076923,52,19,0.732,113.4,107.6,0.611,0.121
2020-09-13,Denver Nuggets,2019-20,Sep,37,Los Angeles Clippers,FALSE,Orlando,TRUE,0,No Travel,1,America/New_York,0,-,28.5,-81.37,FALSE,FALSE,FALSE,FALSE,FALSE,FALSE,0,41900236,DEN vs. LAC,13,FALSE,FALSE,-2.76,15.76,46,27,0.63,111.3,109.2,0.681,-0.051000000000000045
2020-09-15,Boston Celtics,2019-20,Sep,37,Miami Heat,FALSE,Orlando,FALSE,0,No Travel,3,America/New_York,0,-,28.5,-81.37,FALSE,FALSE,FALSE,FALSE,FALSE,FALSE,0,41900301,BOS vs. MIA,-3,FALSE,FALSE,6.954545454545454,-9.954545454545453,48,24,0.667,113.7,107.3,0.603,0.06400000000000006
2020-09-15,Denver Nuggets,2019-20,Sep,37,Los Angeles Clippers,TRUE,Orlando,TRUE,0,No Travel,1,America/New_York,0,-,28.5,-81.37,FALSE,FALSE,FALSE,FALSE,FALSE,FALSE,0,41900237,DEN @ LAC,15,FALSE,FALSE,-2.76,17.759999999999998,46,27,0.63,111.3,109.2,0.681,-0.051000000000000045
2020-09-17,Boston Celtics,2019-20,Sep,38,Miami Heat,FALSE,Orlando,FALSE,0,No Travel,1,America/New_York,0,-,28.5,-81.37,FALSE,FALSE,FALSE,FALSE,FALSE,FALSE,0,41900302,BOS vs. MIA,-5,FALSE,FALSE,6.954545454545454,-11.954545454545453,48,24,0.667,113.7,107.3,0.603,0.06400000000000006
2020-09-17,Miami Heat,2019-20,Sep,38,Boston Celtics,TRUE,Orlando,TRUE,0,No Travel,1,America/New_York,0,-,28.5,-81.37,FALSE,FALSE,FALSE,FALSE,FALSE,FALSE,0,41900302,MIA @ BOS,5,FALSE,FALSE,0.9615384615384616,4.038461538461538,44,29,0.603,112,109.1,0.667,-0.06400000000000006
2020-09-18,Denver Nuggets,2019-20,Sep,38,Los Angeles Lakers,TRUE,Orlando,FALSE,0,No Travel,2,America/New_York,0,-,28.5,-81.37,FALSE,FALSE,FALSE,FALSE,FALSE,FALSE,0,41900311,DEN @ LAL,-12,FALSE,FALSE,-2.76,-9.24,46,27,0.63,111.3,109.2,0.732,-0.10199999999999998
2020-09-19,Boston Celtics,2019-20,Sep,38,Miami Heat,TRUE,Orlando,TRUE,0,No Travel,1,America/New_York,0,-,28.5,-81.37,FALSE,FALSE,FALSE,FALSE,FALSE,FALSE,0,41900303,BOS @ MIA,11,FALSE,FALSE,6.954545454545454,4.045454545454546,48,24,0.667,113.7,107.3,0.603,0.06400000000000006
2020-09-19,Miami Heat,2019-20,Sep,38,Boston Celtics,FALSE,Orlando,FALSE,0,No Travel,1,America/New_York,0,-,28.5,-81.37,FALSE,FALSE,FALSE,FALSE,FALSE,FALSE,0,41900303,MIA vs. BOS,-11,FALSE,FALSE,0.9615384615384616,-11.961538461538462,44,29,0.603,112,109.1,0.667,-0.06400000000000006
2020-09-20,Denver Nuggets,2019-20,Sep,38,Los Angeles Lakers,TRUE,Orlando,FALSE,0,No Travel,1,America/New_York,0,-,28.5,-81.37,FALSE,FALSE,FALSE,FALSE,FALSE,FALSE,0,41900312,DEN @ LAL,-2,FALSE,FALSE,-2.76,0.7599999999999998,46,27,0.63,111.3,109.2,0.732,-0.10199999999999998
2020-09-20,Los Angeles Lakers,2019-20,Sep,38,Denver Nuggets,FALSE,Orlando,TRUE,0,No Travel,1,America/New_York,0,-,28.5,-81.37,FALSE,FALSE,FALSE,FALSE,FALSE,FALSE,0,41900312,LAL vs. DEN,2,FALSE,FALSE,3.576923076923077,-1.576923076923077,52,19,0.732,113.4,107.6,0.63,0.10199999999999998
2020-09-22,Denver Nuggets,2019-20,Sep,38,Los Angeles Lakers,FALSE,Orlando,TRUE,0,No Travel,1,America/New_York,0,-,28.5,-81.37,FALSE,FALSE,FALSE,FALSE,FALSE,FALSE,0,41900313,DEN vs. LAL,8,FALSE,FALSE,-2.76,10.76,46,27,0.63,111.3,109.2,0.732,-0.10199999999999998
2020-09-22,Los Angeles Lakers,2019-20,Sep,38,Denver Nuggets,TRUE,Orlando,FALSE,0,No Travel,1,America/New_York,0,-,28.5,-81.37,FALSE,FALSE,FALSE,FALSE,FALSE,FALSE,0,41900313,LAL @ DEN,-8,FALSE,FALSE,3.576923076923077,-11.576923076923077,52,19,0.732,113.4,107.6,0.63,0.10199999999999998
2020-09-23,Boston Celtics,2019-20,Sep,39,Miami Heat,TRUE,Orlando,FALSE,0,No Travel,3,America/New_York,0,-,28.5,-81.37,FALSE,FALSE,FALSE,FALSE,FALSE,FALSE,0,41900304,BOS @ MIA,-3,FALSE,FALSE,6.954545454545454,-9.954545454545453,48,24,0.667,113.7,107.3,0.603,0.06400000000000006
2020-09-23,Miami Heat,2019-20,Sep,39,Boston Celtics,FALSE,Orlando,TRUE,0,No Travel,3,America/New_York,0,-,28.5,-81.37,FALSE,FALSE,FALSE,FALSE,FALSE,FALSE,0,41900304,MIA vs. BOS,3,FALSE,FALSE,0.9615384615384616,2.0384615384615383,44,29,0.603,112,109.1,0.667,-0.06400000000000006
2020-09-24,Denver Nuggets,2019-20,Sep,39,Los Angeles Lakers,FALSE,Orlando,FALSE,0,No Travel,1,America/New_York,0,-,28.5,-81.37,FALSE,FALSE,FALSE,FALSE,FALSE,FALSE,0,41900314,DEN vs. LAL,-6,FALSE,FALSE,-2.76,-3.24,46,27,0.63,111.3,109.2,0.732,-0.10199999999999998
2020-09-24,Los Angeles Lakers,2019-20,Sep,39,Denver Nuggets,TRUE,Orlando,TRUE,0,No Travel,1,America/New_York,0,-,28.5,-81.37,FALSE,FALSE,FALSE,FALSE,FALSE,FALSE,0,41900314,LAL @ DEN,6,FALSE,FALSE,3.576923076923077,2.423076923076923,52,19,0.732,113.4,107.6,0.63,0.10199999999999998
2020-09-25,Boston Celtics,2019-20,Sep,39,Miami Heat,FALSE,Orlando,TRUE,0,No Travel,1,America/New_York,0,-,28.5,-81.37,FALSE,FALSE,FALSE,FALSE,FALSE,FALSE,0,41900305,BOS vs. MIA,13,FALSE,FALSE,6.954545454545454,6.045454545454546,48,24,0.667,113.7,107.3,0.603,0.06400000000000006
2020-09-25,Miami Heat,2019-20,Sep,39,Boston Celtics,TRUE,Orlando,FALSE,0,No Travel,1,America/New_York,0,-,28.5,-81.37,FALSE,FALSE,FALSE,FALSE,FALSE,FALSE,0,41900305,MIA @ BOS,-13,FALSE,FALSE,0.9615384615384616,-13.961538461538462,44,29,0.603,112,109.1,0.667,-0.06400000000000006
2020-09-26,Denver Nuggets,2019-20,Sep,39,Los Angeles Lakers,TRUE,Orlando,FALSE,0,No Travel,1,America/New_York,0,-,28.5,-81.37,FALSE,FALSE,FALSE,FALSE,FALSE,FALSE,0,41900315,DEN @ LAL,-10,FALSE,FALSE,-2.76,-7.24,46,27,0.63,111.3,109.2,0.732,-0.10199999999999998
2020-09-26,Los Angeles Lakers,2019-20,Sep,39,Denver Nuggets,FALSE,Orlando,TRUE,0,No Travel,1,America/New_York,0,-,28.5,-81.37,FALSE,FALSE,FALSE,FALSE,FALSE,FALSE,0,41900315,LAL vs. DEN,10,FALSE,FALSE,3.576923076923077,6.423076923076923,52,19,0.732,113.4,107.6,0.63,0.10199999999999998
2020-09-27,Boston Celtics,2019-20,Sep,39,Miami Heat,TRUE,Orlando,FALSE,0,No Travel,1,America/New_York,0,-,28.5,-81.37,FALSE,FALSE,FALSE,FALSE,FALSE,FALSE,0,41900306,BOS @ MIA,-12,FALSE,FALSE,6.954545454545454,-18.954545454545453,48,24,0.667,113.7,107.3,0.603,0.06400000000000006
2020-09-27,Miami Heat,2019-20,Sep,39,Boston Celtics,FALSE,Orlando,TRUE,0,No Travel,1,America/New_York,0,-,28.5,-81.37,FALSE,FALSE,FALSE,FALSE,FALSE,FALSE,0,41900306,MIA vs. BOS,12,FALSE,FALSE,0.9615384615384616,11.038461538461538,44,29,0.603,112,109.1,0.667,-0.06400000000000006
2020-09-30,Los Angeles Lakers,2019-20,Sep,40,Miami Heat,FALSE,Orlando,TRUE,0,No Travel,3,America/New_York,0,-,28.5,-81.37,FALSE,FALSE,FALSE,FALSE,FALSE,FALSE,0,41900401,LAL vs. MIA,18,FALSE,FALSE,3.576923076923077,14.423076923076923,52,19,0.732,113.4,107.6,0.603,0.129
2020-09-30,Miami Heat,2019-20,Sep,40,Los Angeles Lakers,TRUE,Orlando,FALSE,0,No Travel,2,America/New_York,0,-,28.5,-81.37,FALSE,FALSE,FALSE,FALSE,FALSE,FALSE,0,41900401,MIA @ LAL,-18,FALSE,FALSE,0.9615384615384616,-18.96153846153846,44,29,0.603,112,109.1,0.732,-0.129
2020-10-02,Los Angeles Lakers,2019-20,Oct,40,Miami Heat,FALSE,Orlando,TRUE,0,No Travel,1,America/New_York,0,-,28.5,-81.37,FALSE,FALSE,FALSE,FALSE,FALSE,FALSE,0,41900402,LAL vs. MIA,10,FALSE,FALSE,3.576923076923077,6.423076923076923,52,19,0.732,113.4,107.6,0.603,0.129
2020-10-02,Miami Heat,2019-20,Oct,40,Los Angeles Lakers,TRUE,Orlando,FALSE,0,No Travel,1,America/New_York,0,-,28.5,-81.37,FALSE,FALSE,FALSE,FALSE,FALSE,FALSE,0,41900402,MIA @ LAL,-10,FALSE,FALSE,0.9615384615384616,-10.961538461538462,44,29,0.603,112,109.1,0.732,-0.129
2020-10-04,Los Angeles Lakers,2019-20,Oct,40,Miami Heat,TRUE,Orlando,FALSE,0,No Travel,1,America/New_York,0,-,28.5,-81.37,FALSE,FALSE,FALSE,FALSE,FALSE,FALSE,0,41900403,LAL @ MIA,-11,FALSE,FALSE,3.576923076923077,-14.576923076923077,52,19,0.732,113.4,107.6,0.603,0.129
2020-10-04,Miami Heat,2019-20,Oct,40,Los Angeles Lakers,FALSE,Orlando,TRUE,0,No Travel,1,America/New_York,0,-,28.5,-81.37,FALSE,FALSE,FALSE,FALSE,FALSE,FALSE,0,41900403,MIA vs. LAL,11,FALSE,FALSE,0.9615384615384616,10.038461538461538,44,29,0.603,112,109.1,0.732,-0.129
2020-10-06,Los Angeles Lakers,2019-20,Oct,40,Miami Heat,TRUE,Orlando,TRUE,0,No Travel,1,America/New_York,0,-,28.5,-81.37,FALSE,FALSE,FALSE,FALSE,FALSE,FALSE,0,41900404,LAL @ MIA,6,FALSE,FALSE,3.576923076923077,2.423076923076923,52,19,0.732,113.4,107.6,0.603,0.129
2020-10-06,Miami Heat,2019-20,Oct,40,Los Angeles Lakers,FALSE,Orlando,FALSE,0,No Travel,1,America/New_York,0,-,28.5,-81.37,FALSE,FALSE,FALSE,FALSE,FALSE,FALSE,0,41900404,MIA vs. LAL,-6,FALSE,FALSE,0.9615384615384616,-6.961538461538462,44,29,0.603,112,109.1,0.732,-0.129
2020-10-09,Los Angeles Lakers,2019-20,Oct,41,Miami Heat,FALSE,Orlando,FALSE,0,No Travel,2,America/New_York,0,-,28.5,-81.37,FALSE,FALSE,FALSE,FALSE,FALSE,FALSE,0,41900405,LAL vs. MIA,-3,FALSE,FALSE,3.576923076923077,-6.576923076923077,52,19,0.732,113.4,107.6,0.603,0.129
2020-10-09,Miami Heat,2019-20,Oct,41,Los Angeles Lakers,TRUE,Orlando,TRUE,0,No Travel,2,America/New_York,0,-,28.5,-81.37,FALSE,FALSE,FALSE,FALSE,FALSE,FALSE,0,41900405,MIA @ LAL,3,FALSE,FALSE,0.9615384615384616,2.0384615384615383,44,29,0.603,112,109.1,0.732,-0.129
2020-10-11,Los Angeles Lakers,2019-20,Oct,41,Miami Heat,TRUE,Orlando,TRUE,0,No Travel,1,America/New_York,0,-,28.5,-81.37,FALSE,FALSE,FALSE,FALSE,FALSE,FALSE,0,41900406,LAL @ MIA,13,FALSE,FALSE,3.576923076923077,9.423076923076923,52,19,0.732,113.4,107.6,0.603,0.129
2020-10-11,Miami Heat,2019-20,Oct,41,Los Angeles Lakers,FALSE,Orlando,FALSE,0,No Travel,1,America/New_York,0,-,28.5,-81.37,FALSE,FALSE,FALSE,FALSE,FALSE,FALSE,0,41900406,MIA vs. LAL,-13,FALSE,FALSE,0.9615384615384616,-13.961538461538462,44,29,0.603,112,109.1,0.732,-0.129
